name,steam_url,cache_file,note
Unknown (cache only),http://cloud3.steamusercontent.com/ugc/1001431526960330434/1E258791ECCFB810237BEBA73BF9E461B0BD1D27/,Mods/Images/httpcloud3steamusercontentcomugc10014315269603304341E258791ECCFB810237BEBA73BF9E461B0BD1D27.png,URL reconstructed from cache filename; no matching saved reference found
Unknown (cache only),http://cloud3.steamusercontent.com/ugc/1037463529744771961/339F43CFB740B53E955DB8B37A10A6844FC4EEC9/,Mods/Images/httpcloud3steamusercontentcomugc1037463529744771961339F43CFB740B53E955DB8B37A10A6844FC4EEC9.png,URL reconstructed from cache filename; no matching saved reference found
Unknown (cache only),http://cloud3.steamusercontent.com/ugc/1751309545162195855/58BCD9E3B1047DE65FF0E93EB45BC0864437E7ED/,Mods/Images/httpcloud3steamusercontentcomugc175130954516219585558BCD9E3B1047DE65FF0E93EB45BC0864437E7ED.png,URL reconstructed from cache filename; no matching saved reference found
Unknown (cache only),http://cloud3.steamusercontent.com/ugc/1753558748308706913/CA689807FB76430DDD4525C52742BA8BC67F5DDC/,Mods/Images/httpcloud3steamusercontentcomugc1753558748308706913CA689807FB76430DDD4525C52742BA8BC67F5DDC.png,URL reconstructed from cache filename; no matching saved reference found
Unknown (cache only),http://cloud3.steamusercontent.com/ugc/766099315118694476/198548105427488C70643F6EF8BE036F9C1D6FBC/,Mods/Images/httpcloud3steamusercontentcomugc766099315118694476198548105427488C70643F6EF8BE036F9C1D6FBC.png,URL reconstructed from cache filename; no matching saved reference found
Unknown (cache only),http://cloud3.steamusercontent.com/ugc/769484415896377958/AC228B287151079474F6114B39F1B4BE604816D9/,Mods/Images/httpcloud3steamusercontentcomugc769484415896377958AC228B287151079474F6114B39F1B4BE604816D9.png,URL reconstructed from cache filename; no matching saved reference found
Unknown (cache only),http://cloud3.steamusercontent.com/ugc/770601009105801820/B88C8754F5C25EE7F4E55A5F02F3913138D4DAC9/,Mods/Images/httpcloud3steamusercontentcomugc770601009105801820B88C8754F5C25EE7F4E55A5F02F3913138D4DAC9.png,URL reconstructed from cache filename; no matching saved reference found
Unknown (cache only),http://cloud3.steamusercontent.com/ugc/817876755339725800/7A22B3D56C6E83B795304B8F2E62CBA5C4A678CD/,Mods/Images/httpcloud3steamusercontentcomugc8178767553397258007A22B3D56C6E83B795304B8F2E62CBA5C4A678CD.png,URL reconstructed from cache filename; no matching saved reference found
Unknown (cache only),http://cloud3.steamusercontent.com/ugc/817876755339726994/9D1AC1C6BC06E6480102291D8732FB20A3E3A58E/,Mods/Images/httpcloud3steamusercontentcomugc8178767553397269949D1AC1C6BC06E6480102291D8732FB20A3E3A58E.png,URL reconstructed from cache filename; no matching saved reference found
Unknown (cache only),http://cloud3.steamusercontent.com/ugc/817877202145416180/ECC834ED7ACE51748E9B651C9A8753C8BD482F38/,Mods/Images/httpcloud3steamusercontentcomugc817877202145416180ECC834ED7ACE51748E9B651C9A8753C8BD482F38.png,URL reconstructed from cache filename; no matching saved reference found
Unknown (cache only),http://cloud3.steamusercontent.com/ugc/817877202145421412/64AC66B8BC714B5A7B27CCB80FD2149DD467AE54/,Mods/Images/httpcloud3steamusercontentcomugc81787720214542141264AC66B8BC714B5A7B27CCB80FD2149DD467AE54.png,URL reconstructed from cache filename; no matching saved reference found
Unknown (cache only),http://cloud3.steamusercontent.com/ugc/817877202145444222/A2C1BA70586062585107AE910682D6831AB9B4C2/,Mods/Images/httpcloud3steamusercontentcomugc817877202145444222A2C1BA70586062585107AE910682D6831AB9B4C2.png,URL reconstructed from cache filename; no matching saved reference found
Unknown (cache only),http://cloud3.steamusercontent.com/ugc/817877202145447693/32BD3E99C6BD1C9566B4C5CAE8D38627C1DF5D85/,Mods/Images/httpcloud3steamusercontentcomugc81787720214544769332BD3E99C6BD1C9566B4C5CAE8D38627C1DF5D85.png,URL reconstructed from cache filename; no matching saved reference found
Unknown (cache only),http://cloud3.steamusercontent.com/ugc/817877202145455294/12A72832B0B7306CBED7D2908A1A317CCF3221EA/,Mods/Images/httpcloud3steamusercontentcomugc81787720214545529412A72832B0B7306CBED7D2908A1A317CCF3221EA.png,URL reconstructed from cache filename; no matching saved reference found
Unknown (cache only),http://cloud3.steamusercontent.com/ugc/817877202145458635/1C2645C224F80F038FFCFA24A61F0056A5DFA6AB/,Mods/Images/httpcloud3steamusercontentcomugc8178772021454586351C2645C224F80F038FFCFA24A61F0056A5DFA6AB.png,URL reconstructed from cache filename; no matching saved reference found
Unknown (cache only),http://cloud3.steamusercontent.com/ugc/817877202145468208/90C07CB3F52940F6D25111DC7BA9BB0B5D308603/,Mods/Images/httpcloud3steamusercontentcomugc81787720214546820890C07CB3F52940F6D25111DC7BA9BB0B5D308603.png,URL reconstructed from cache filename; no matching saved reference found
Unknown (cache only),http://cloud3.steamusercontent.com/ugc/817877202145470133/DBB228586B09B3D92A2F2DC2A76CCC90A1616E24/,Mods/Images/httpcloud3steamusercontentcomugc817877202145470133DBB228586B09B3D92A2F2DC2A76CCC90A1616E24.png,URL reconstructed from cache filename; no matching saved reference found
Unknown (cache only),http://cloud3.steamusercontent.com/ugc/817877202145473283/E2D49A2DD041A234070CF4E4DFDCA93F5F1E0C1A/,Mods/Images/httpcloud3steamusercontentcomugc817877202145473283E2D49A2DD041A234070CF4E4DFDCA93F5F1E0C1A.png,URL reconstructed from cache filename; no matching saved reference found
Unknown (cache only),http://cloud3.steamusercontent.com/ugc/817877202145476387/EFA9672E0B047EFDB905710D81D9827D5F61417D/,Mods/Images/httpcloud3steamusercontentcomugc817877202145476387EFA9672E0B047EFDB905710D81D9827D5F61417D.png,URL reconstructed from cache filename; no matching saved reference found
Unknown (cache only),http://cloud3.steamusercontent.com/ugc/817877202145477932/42575AFF35414A0B67C84D0C1640983FA15696E8/,Mods/Images/httpcloud3steamusercontentcomugc81787720214547793242575AFF35414A0B67C84D0C1640983FA15696E8.png,URL reconstructed from cache filename; no matching saved reference found
Unknown (cache only),http://cloud3.steamusercontent.com/ugc/817877202145482315/998942577C19F94FC244EA928ED5D19BB7741C47/,Mods/Images/httpcloud3steamusercontentcomugc817877202145482315998942577C19F94FC244EA928ED5D19BB7741C47.png,URL reconstructed from cache filename; no matching saved reference found
Unknown (cache only),http://cloud3.steamusercontent.com/ugc/817877202145483693/36F010C9D9E11419C17DBFAF2350852487A51F1A/,Mods/Images/httpcloud3steamusercontentcomugc81787720214548369336F010C9D9E11419C17DBFAF2350852487A51F1A.png,URL reconstructed from cache filename; no matching saved reference found
Unknown (cache only),http://cloud3.steamusercontent.com/ugc/817877202145486330/EF12254437A866F5F0F8A557CE71EE749DBDF69F/,Mods/Images/httpcloud3steamusercontentcomugc817877202145486330EF12254437A866F5F0F8A557CE71EE749DBDF69F.jpg,URL reconstructed from cache filename; no matching saved reference found
Unknown (cache only),http://cloud3.steamusercontent.com/ugc/817877202145492675/8E8664AD8EECDC0F4B1BAE34C7B7F49F8A91168D/,Mods/Images/httpcloud3steamusercontentcomugc8178772021454926758E8664AD8EECDC0F4B1BAE34C7B7F49F8A91168D.png,URL reconstructed from cache filename; no matching saved reference found
Unknown (cache only),http://cloud3.steamusercontent.com/ugc/817877202145494997/0A076B3C25265FC8F248B492AADC08C4D442154B/,Mods/Images/httpcloud3steamusercontentcomugc8178772021454949970A076B3C25265FC8F248B492AADC08C4D442154B.png,URL reconstructed from cache filename; no matching saved reference found
Unknown (cache only),http://cloud3.steamusercontent.com/ugc/817877202145497740/128039221CC1EE27737B961C83DC62D52EC307AB/,Mods/Images/httpcloud3steamusercontentcomugc817877202145497740128039221CC1EE27737B961C83DC62D52EC307AB.png,URL reconstructed from cache filename; no matching saved reference found
Unknown (cache only),http://cloud3.steamusercontent.com/ugc/817877202145503289/750A1CA44354C7F1A07722967EC3CD368A16BBBB/,Mods/Images/httpcloud3steamusercontentcomugc817877202145503289750A1CA44354C7F1A07722967EC3CD368A16BBBB.png,URL reconstructed from cache filename; no matching saved reference found
Unknown (cache only),http://cloud3.steamusercontent.com/ugc/817877202145505316/1253ECB38D9EFD71B8DBD957AF4B993E6721D5F0/,Mods/Images/httpcloud3steamusercontentcomugc8178772021455053161253ECB38D9EFD71B8DBD957AF4B993E6721D5F0.png,URL reconstructed from cache filename; no matching saved reference found
Unknown (cache only),http://cloud3.steamusercontent.com/ugc/817877202145509698/C3E1DB7A1640ED5A8ECEF12C23EA9CEE4E2A0718/,Mods/Images/httpcloud3steamusercontentcomugc817877202145509698C3E1DB7A1640ED5A8ECEF12C23EA9CEE4E2A0718.png,URL reconstructed from cache filename; no matching saved reference found
Unknown (cache only),http://cloud3.steamusercontent.com/ugc/817877202145514640/AE868DFA1F39EF7279DA7FDAAB5EE33DC1B714C1/,Mods/Images/httpcloud3steamusercontentcomugc817877202145514640AE868DFA1F39EF7279DA7FDAAB5EE33DC1B714C1.png,URL reconstructed from cache filename; no matching saved reference found
Unknown (cache only),http://cloud3.steamusercontent.com/ugc/817877202145516709/9B4A0B694063E01403653C097563DCF4C73F6AE1/,Mods/Images/httpcloud3steamusercontentcomugc8178772021455167099B4A0B694063E01403653C097563DCF4C73F6AE1.png,URL reconstructed from cache filename; no matching saved reference found
Unknown (cache only),http://cloud3.steamusercontent.com/ugc/817877202145521828/46DA4ACF5CFEA102CF273B7A5C1DF40893C52761/,Mods/Images/httpcloud3steamusercontentcomugc81787720214552182846DA4ACF5CFEA102CF273B7A5C1DF40893C52761.png,URL reconstructed from cache filename; no matching saved reference found
Unknown (cache only),http://cloud3.steamusercontent.com/ugc/817877202145525032/B5EEDAB893F0E08B88C892E753A440A3417D4EC5/,Mods/Images/httpcloud3steamusercontentcomugc817877202145525032B5EEDAB893F0E08B88C892E753A440A3417D4EC5.png,URL reconstructed from cache filename; no matching saved reference found
Unknown (cache only),http://cloud3.steamusercontent.com/ugc/817877202145530460/17089C17BC91BFE8296A76BA68BD5BA629367622/,Mods/Images/httpcloud3steamusercontentcomugc81787720214553046017089C17BC91BFE8296A76BA68BD5BA629367622.png,URL reconstructed from cache filename; no matching saved reference found
Unknown (cache only),http://cloud3.steamusercontent.com/ugc/817877202145533124/4149ED651DFF5CD911BD0677B1009E8473F69280/,Mods/Images/httpcloud3steamusercontentcomugc8178772021455331244149ED651DFF5CD911BD0677B1009E8473F69280.png,URL reconstructed from cache filename; no matching saved reference found
Unknown (cache only),https://steamusercontent-a.akamaihd.net/ugc/15022763435340397545/20B3869E64CD0709C9EDA7A4E1D644EAAA8F267F/,Mods/Images/httpssteamusercontentaakamaihdnetugc1502276343534039754520B3869E64CD0709C9EDA7A4E1D644EAAA8F267F.png,URL reconstructed from cache filename; no matching saved reference found
Unknown (cache only),https://steamusercontent-a.akamaihd.net/ugc/17500475026203827644/A90BF85B41C5472C5762858C66352D4E980E65AD/,Mods/Images/httpssteamusercontentaakamaihdnetugc17500475026203827644A90BF85B41C5472C5762858C66352D4E980E65AD.png,URL reconstructed from cache filename; no matching saved reference found
Unknown (cache only),https://steamusercontent-a.akamaihd.net/ugc/18230351235120466525/E59C22246CDBA4C7459C5C3373D86B31380A0FA5/,Mods/Images/httpssteamusercontentaakamaihdnetugc18230351235120466525E59C22246CDBA4C7459C5C3373D86B31380A0FA5.png,URL reconstructed from cache filename; no matching saved reference found
Unknown (cache only),https://steamusercontent-a.akamaihd.net/ugc/37814668999441492/6438E95BB5BBED40926B5EA5C76701AEF8F981BE/,Mods/Images/httpssteamusercontentaakamaihdnetugc378146689994414926438E95BB5BBED40926B5EA5C76701AEF8F981BE.png,URL reconstructed from cache filename; no matching saved reference found
Unknown (cache only),https://steamusercontent-a.akamaihd.net/ugc/37822381762873102/D35544D0D536F469BE7AB3285135C6B7A8F72F35/,Mods/Images/httpssteamusercontentaakamaihdnetugc37822381762873102D35544D0D536F469BE7AB3285135C6B7A8F72F35.png,URL reconstructed from cache filename; no matching saved reference found
Unknown (cache only),https://steamusercontent-a.akamaihd.net/ugc/9333120714725102512/82ABDE104A202469B5A594E1BE74F1463E247D61/,Mods/Images/httpssteamusercontentaakamaihdnetugc933312071472510251282ABDE104A202469B5A594E1BE74F1463E247D61.png,URL reconstructed from cache filename; no matching saved reference found
Unknown (cache only),https://steamusercontent-a.akamaihd.net/ugc/967595685949098584/D320C11CA730C166DE0BD9DBEC903D2694E151EE/,Mods/Images/httpssteamusercontentaakamaihdnetugc967595685949098584D320C11CA730C166DE0BD9DBEC903D2694E151EE.jpg,URL reconstructed from cache filename; no matching saved reference found
Unknown (cache only),https://steamusercontent-a.akamaihd.net/ugc/9964130657696545779/F2CD259144FC42857578D815DB5F26ED731CCC71/,Mods/Images/httpssteamusercontentaakamaihdnetugc9964130657696545779F2CD259144FC42857578D815DB5F26ED731CCC71.png,URL reconstructed from cache filename; no matching saved reference found
Unknown (cache only),http://cloud3.steamusercontent.com/ugc/1001431526960330434/1E258791ECCFB810237BEBA73BF9E461B0BD1D27/,Mods/Images Raw/httpcloud3steamusercontentcomugc10014315269603304341E258791ECCFB810237BEBA73BF9E461B0BD1D27.rawt,URL reconstructed from cache filename; no matching saved reference found
Unknown (cache only),http://cloud3.steamusercontent.com/ugc/1037463529744771961/339F43CFB740B53E955DB8B37A10A6844FC4EEC9/,Mods/Images Raw/httpcloud3steamusercontentcomugc1037463529744771961339F43CFB740B53E955DB8B37A10A6844FC4EEC9.rawt,URL reconstructed from cache filename; no matching saved reference found
Unknown (cache only),http://cloud3.steamusercontent.com/ugc/1751309545162195855/58BCD9E3B1047DE65FF0E93EB45BC0864437E7ED/,Mods/Images Raw/httpcloud3steamusercontentcomugc175130954516219585558BCD9E3B1047DE65FF0E93EB45BC0864437E7ED.rawt,URL reconstructed from cache filename; no matching saved reference found
Unknown (cache only),http://cloud3.steamusercontent.com/ugc/1753558748308706913/CA689807FB76430DDD4525C52742BA8BC67F5DDC/,Mods/Images Raw/httpcloud3steamusercontentcomugc1753558748308706913CA689807FB76430DDD4525C52742BA8BC67F5DDC.rawt,URL reconstructed from cache filename; no matching saved reference found
Unknown (cache only),http://cloud3.steamusercontent.com/ugc/766099315118694476/198548105427488C70643F6EF8BE036F9C1D6FBC/,Mods/Images Raw/httpcloud3steamusercontentcomugc766099315118694476198548105427488C70643F6EF8BE036F9C1D6FBC.rawt,URL reconstructed from cache filename; no matching saved reference found
Unknown (cache only),http://cloud3.steamusercontent.com/ugc/769484415896377958/AC228B287151079474F6114B39F1B4BE604816D9/,Mods/Images Raw/httpcloud3steamusercontentcomugc769484415896377958AC228B287151079474F6114B39F1B4BE604816D9.rawt,URL reconstructed from cache filename; no matching saved reference found
Unknown (cache only),http://cloud3.steamusercontent.com/ugc/770601009105801820/B88C8754F5C25EE7F4E55A5F02F3913138D4DAC9/,Mods/Images Raw/httpcloud3steamusercontentcomugc770601009105801820B88C8754F5C25EE7F4E55A5F02F3913138D4DAC9.rawt,URL reconstructed from cache filename; no matching saved reference found
Unknown (cache only),http://cloud3.steamusercontent.com/ugc/817876755339725800/7A22B3D56C6E83B795304B8F2E62CBA5C4A678CD/,Mods/Images Raw/httpcloud3steamusercontentcomugc8178767553397258007A22B3D56C6E83B795304B8F2E62CBA5C4A678CD.rawt,URL reconstructed from cache filename; no matching saved reference found
Unknown (cache only),http://cloud3.steamusercontent.com/ugc/817876755339726994/9D1AC1C6BC06E6480102291D8732FB20A3E3A58E/,Mods/Images Raw/httpcloud3steamusercontentcomugc8178767553397269949D1AC1C6BC06E6480102291D8732FB20A3E3A58E.rawt,URL reconstructed from cache filename; no matching saved reference found
Unknown (cache only),http://cloud3.steamusercontent.com/ugc/817877202145416180/ECC834ED7ACE51748E9B651C9A8753C8BD482F38/,Mods/Images Raw/httpcloud3steamusercontentcomugc817877202145416180ECC834ED7ACE51748E9B651C9A8753C8BD482F38.rawt,URL reconstructed from cache filename; no matching saved reference found
Unknown (cache only),http://cloud3.steamusercontent.com/ugc/817877202145421412/64AC66B8BC714B5A7B27CCB80FD2149DD467AE54/,Mods/Images Raw/httpcloud3steamusercontentcomugc81787720214542141264AC66B8BC714B5A7B27CCB80FD2149DD467AE54.rawt,URL reconstructed from cache filename; no matching saved reference found
Unknown (cache only),http://cloud3.steamusercontent.com/ugc/817877202145444222/A2C1BA70586062585107AE910682D6831AB9B4C2/,Mods/Images Raw/httpcloud3steamusercontentcomugc817877202145444222A2C1BA70586062585107AE910682D6831AB9B4C2.rawt,URL reconstructed from cache filename; no matching saved reference found
Unknown (cache only),http://cloud3.steamusercontent.com/ugc/817877202145447693/32BD3E99C6BD1C9566B4C5CAE8D38627C1DF5D85/,Mods/Images Raw/httpcloud3steamusercontentcomugc81787720214544769332BD3E99C6BD1C9566B4C5CAE8D38627C1DF5D85.rawt,URL reconstructed from cache filename; no matching saved reference found
Unknown (cache only),http://cloud3.steamusercontent.com/ugc/817877202145455294/12A72832B0B7306CBED7D2908A1A317CCF3221EA/,Mods/Images Raw/httpcloud3steamusercontentcomugc81787720214545529412A72832B0B7306CBED7D2908A1A317CCF3221EA.rawt,URL reconstructed from cache filename; no matching saved reference found
Unknown (cache only),http://cloud3.steamusercontent.com/ugc/817877202145458635/1C2645C224F80F038FFCFA24A61F0056A5DFA6AB/,Mods/Images Raw/httpcloud3steamusercontentcomugc8178772021454586351C2645C224F80F038FFCFA24A61F0056A5DFA6AB.rawt,URL reconstructed from cache filename; no matching saved reference found
Unknown (cache only),http://cloud3.steamusercontent.com/ugc/817877202145468208/90C07CB3F52940F6D25111DC7BA9BB0B5D308603/,Mods/Images Raw/httpcloud3steamusercontentcomugc81787720214546820890C07CB3F52940F6D25111DC7BA9BB0B5D308603.rawt,URL reconstructed from cache filename; no matching saved reference found
Unknown (cache only),http://cloud3.steamusercontent.com/ugc/817877202145470133/DBB228586B09B3D92A2F2DC2A76CCC90A1616E24/,Mods/Images Raw/httpcloud3steamusercontentcomugc817877202145470133DBB228586B09B3D92A2F2DC2A76CCC90A1616E24.rawt,URL reconstructed from cache filename; no matching saved reference found
Unknown (cache only),http://cloud3.steamusercontent.com/ugc/817877202145473283/E2D49A2DD041A234070CF4E4DFDCA93F5F1E0C1A/,Mods/Images Raw/httpcloud3steamusercontentcomugc817877202145473283E2D49A2DD041A234070CF4E4DFDCA93F5F1E0C1A.rawt,URL reconstructed from cache filename; no matching saved reference found
Unknown (cache only),http://cloud3.steamusercontent.com/ugc/817877202145476387/EFA9672E0B047EFDB905710D81D9827D5F61417D/,Mods/Images Raw/httpcloud3steamusercontentcomugc817877202145476387EFA9672E0B047EFDB905710D81D9827D5F61417D.rawt,URL reconstructed from cache filename; no matching saved reference found
Unknown (cache only),http://cloud3.steamusercontent.com/ugc/817877202145477932/42575AFF35414A0B67C84D0C1640983FA15696E8/,Mods/Images Raw/httpcloud3steamusercontentcomugc81787720214547793242575AFF35414A0B67C84D0C1640983FA15696E8.rawt,URL reconstructed from cache filename; no matching saved reference found
Unknown (cache only),http://cloud3.steamusercontent.com/ugc/817877202145482315/998942577C19F94FC244EA928ED5D19BB7741C47/,Mods/Images Raw/httpcloud3steamusercontentcomugc817877202145482315998942577C19F94FC244EA928ED5D19BB7741C47.rawt,URL reconstructed from cache filename; no matching saved reference found
Unknown (cache only),http://cloud3.steamusercontent.com/ugc/817877202145483693/36F010C9D9E11419C17DBFAF2350852487A51F1A/,Mods/Images Raw/httpcloud3steamusercontentcomugc81787720214548369336F010C9D9E11419C17DBFAF2350852487A51F1A.rawt,URL reconstructed from cache filename; no matching saved reference found
Unknown (cache only),http://cloud3.steamusercontent.com/ugc/817877202145486330/EF12254437A866F5F0F8A557CE71EE749DBDF69F/,Mods/Images Raw/httpcloud3steamusercontentcomugc817877202145486330EF12254437A866F5F0F8A557CE71EE749DBDF69F.rawt,URL reconstructed from cache filename; no matching saved reference found
Unknown (cache only),http://cloud3.steamusercontent.com/ugc/817877202145492675/8E8664AD8EECDC0F4B1BAE34C7B7F49F8A91168D/,Mods/Images Raw/httpcloud3steamusercontentcomugc8178772021454926758E8664AD8EECDC0F4B1BAE34C7B7F49F8A91168D.rawt,URL reconstructed from cache filename; no matching saved reference found
Unknown (cache only),http://cloud3.steamusercontent.com/ugc/817877202145494997/0A076B3C25265FC8F248B492AADC08C4D442154B/,Mods/Images Raw/httpcloud3steamusercontentcomugc8178772021454949970A076B3C25265FC8F248B492AADC08C4D442154B.rawt,URL reconstructed from cache filename; no matching saved reference found
Unknown (cache only),http://cloud3.steamusercontent.com/ugc/817877202145497740/128039221CC1EE27737B961C83DC62D52EC307AB/,Mods/Images Raw/httpcloud3steamusercontentcomugc817877202145497740128039221CC1EE27737B961C83DC62D52EC307AB.rawt,URL reconstructed from cache filename; no matching saved reference found
Unknown (cache only),http://cloud3.steamusercontent.com/ugc/817877202145503289/750A1CA44354C7F1A07722967EC3CD368A16BBBB/,Mods/Images Raw/httpcloud3steamusercontentcomugc817877202145503289750A1CA44354C7F1A07722967EC3CD368A16BBBB.rawt,URL reconstructed from cache filename; no matching saved reference found
Unknown (cache only),http://cloud3.steamusercontent.com/ugc/817877202145505316/1253ECB38D9EFD71B8DBD957AF4B993E6721D5F0/,Mods/Images Raw/httpcloud3steamusercontentcomugc8178772021455053161253ECB38D9EFD71B8DBD957AF4B993E6721D5F0.rawt,URL reconstructed from cache filename; no matching saved reference found
Unknown (cache only),http://cloud3.steamusercontent.com/ugc/817877202145509698/C3E1DB7A1640ED5A8ECEF12C23EA9CEE4E2A0718/,Mods/Images Raw/httpcloud3steamusercontentcomugc817877202145509698C3E1DB7A1640ED5A8ECEF12C23EA9CEE4E2A0718.rawt,URL reconstructed from cache filename; no matching saved reference found
Unknown (cache only),http://cloud3.steamusercontent.com/ugc/817877202145514640/AE868DFA1F39EF7279DA7FDAAB5EE33DC1B714C1/,Mods/Images Raw/httpcloud3steamusercontentcomugc817877202145514640AE868DFA1F39EF7279DA7FDAAB5EE33DC1B714C1.rawt,URL reconstructed from cache filename; no matching saved reference found
Unknown (cache only),http://cloud3.steamusercontent.com/ugc/817877202145516709/9B4A0B694063E01403653C097563DCF4C73F6AE1/,Mods/Images Raw/httpcloud3steamusercontentcomugc8178772021455167099B4A0B694063E01403653C097563DCF4C73F6AE1.rawt,URL reconstructed from cache filename; no matching saved reference found
Unknown (cache only),http://cloud3.steamusercontent.com/ugc/817877202145521828/46DA4ACF5CFEA102CF273B7A5C1DF40893C52761/,Mods/Images Raw/httpcloud3steamusercontentcomugc81787720214552182846DA4ACF5CFEA102CF273B7A5C1DF40893C52761.rawt,URL reconstructed from cache filename; no matching saved reference found
Unknown (cache only),http://cloud3.steamusercontent.com/ugc/817877202145525032/B5EEDAB893F0E08B88C892E753A440A3417D4EC5/,Mods/Images Raw/httpcloud3steamusercontentcomugc817877202145525032B5EEDAB893F0E08B88C892E753A440A3417D4EC5.rawt,URL reconstructed from cache filename; no matching saved reference found
Unknown (cache only),http://cloud3.steamusercontent.com/ugc/817877202145530460/17089C17BC91BFE8296A76BA68BD5BA629367622/,Mods/Images Raw/httpcloud3steamusercontentcomugc81787720214553046017089C17BC91BFE8296A76BA68BD5BA629367622.rawt,URL reconstructed from cache filename; no matching saved reference found
Unknown (cache only),http://cloud3.steamusercontent.com/ugc/817877202145533124/4149ED651DFF5CD911BD0677B1009E8473F69280/,Mods/Images Raw/httpcloud3steamusercontentcomugc8178772021455331244149ED651DFF5CD911BD0677B1009E8473F69280.rawt,URL reconstructed from cache filename; no matching saved reference found
Unknown (cache only),https://steamusercontent-a.akamaihd.net/ugc/15022763435340397545/20B3869E64CD0709C9EDA7A4E1D644EAAA8F267F/,Mods/Images Raw/httpssteamusercontentaakamaihdnetugc1502276343534039754520B3869E64CD0709C9EDA7A4E1D644EAAA8F267F.rawt,URL reconstructed from cache filename; no matching saved reference found
Unknown (cache only),https://steamusercontent-a.akamaihd.net/ugc/17500475026203827644/A90BF85B41C5472C5762858C66352D4E980E65AD/,Mods/Images Raw/httpssteamusercontentaakamaihdnetugc17500475026203827644A90BF85B41C5472C5762858C66352D4E980E65AD.rawt,URL reconstructed from cache filename; no matching saved reference found
Unknown (cache only),https://steamusercontent-a.akamaihd.net/ugc/18230351235120466525/E59C22246CDBA4C7459C5C3373D86B31380A0FA5/,Mods/Images Raw/httpssteamusercontentaakamaihdnetugc18230351235120466525E59C22246CDBA4C7459C5C3373D86B31380A0FA5.rawt,URL reconstructed from cache filename; no matching saved reference found
Unknown (cache only),https://steamusercontent-a.akamaihd.net/ugc/37814668999441492/6438E95BB5BBED40926B5EA5C76701AEF8F981BE/,Mods/Images Raw/httpssteamusercontentaakamaihdnetugc378146689994414926438E95BB5BBED40926B5EA5C76701AEF8F981BE.rawt,URL reconstructed from cache filename; no matching saved reference found
Unknown (cache only),https://steamusercontent-a.akamaihd.net/ugc/37822381762873102/D35544D0D536F469BE7AB3285135C6B7A8F72F35/,Mods/Images Raw/httpssteamusercontentaakamaihdnetugc37822381762873102D35544D0D536F469BE7AB3285135C6B7A8F72F35.rawt,URL reconstructed from cache filename; no matching saved reference found
Unknown (cache only),https://steamusercontent-a.akamaihd.net/ugc/9333120714725102512/82ABDE104A202469B5A594E1BE74F1463E247D61/,Mods/Images Raw/httpssteamusercontentaakamaihdnetugc933312071472510251282ABDE104A202469B5A594E1BE74F1463E247D61.rawt,URL reconstructed from cache filename; no matching saved reference found
Unknown (cache only),https://steamusercontent-a.akamaihd.net/ugc/967595685949098584/D320C11CA730C166DE0BD9DBEC903D2694E151EE/,Mods/Images Raw/httpssteamusercontentaakamaihdnetugc967595685949098584D320C11CA730C166DE0BD9DBEC903D2694E151EE.rawt,URL reconstructed from cache filename; no matching saved reference found
Unknown (cache only),https://steamusercontent-a.akamaihd.net/ugc/9964130657696545779/F2CD259144FC42857578D815DB5F26ED731CCC71/,Mods/Images Raw/httpssteamusercontentaakamaihdnetugc9964130657696545779F2CD259144FC42857578D815DB5F26ED731CCC71.rawt,URL reconstructed from cache filename; no matching saved reference found
