deck_guid,deck_name,card_guid,card_name,map_creator_tag,map_type_tag,creator_display,eligible
6e0d78,Take and Hold vs Take and Hold,b3537f,TnH vs TnH 1 - Tipping Point - Cra5hNatural,map_crt_cr5sh,map_type_comp,Cra5hNatural,true
6e0d78,Take and Hold vs Take and Hold,f7026e,TnH vs TnH 2 - Dawn of War - Cra5hNatural,map_crt_cr5sh,map_type_comp,Cra5hNatural,true
6e0d78,Take and Hold vs Take and Hold,32ec37,TnH vs TnH 3 - Search and Destroy - Cra5hNatural,map_crt_cr5sh,map_type_comp,Cra5hNatural,true
eae80b,Take and Hold vs Priority Assets,0574f5,TnH vs PA 3 - Dawn of War - Cra5hNatural,map_crt_cr5sh,map_type_comp,Cra5hNatural,true
eae80b,Take and Hold vs Priority Assets,9a0779,TnH vs PA 2 - Hammer and Anvil - Cra5hNatural,map_crt_cr5sh,map_type_comp,Cra5hNatural,true
eae80b,Take and Hold vs Priority Assets,936fc5,TnH vs PA 1 - Crucible of Battle - Cra5hNatural,map_crt_cr5sh,map_type_comp,Cra5hNatural,true
cfeba5,Take and Hold vs Disruption,b200c7,TnH vs Dis 3 - Hammer and Anvil - Cra5hNatural,map_crt_cr5sh,map_type_comp,Cra5hNatural,true
cfeba5,Take and Hold vs Disruption,366693,TnH vs Dis 2 - Crucible of Battle - Cra5hNatural,map_crt_cr5sh,map_type_comp,Cra5hNatural,true
cfeba5,Take and Hold vs Disruption,2db2a2,TnH vs Dis 1 - Sweeping Engagement - Cra5hNatural,map_crt_cr5sh,map_type_comp,Cra5hNatural,true
1e6711,Take and Hold vs Purge the Foe,812e71,TnH vs PtF 3 - Hammer and Anvil - Cra5hNatural,map_crt_cr5sh,map_type_comp,Cra5hNatural,true
1e6711,Take and Hold vs Purge the Foe,af501d,TnH vs PtF 2 - Search and Destroy - Cra5hNatural,map_crt_cr5sh,map_type_comp,Cra5hNatural,true
1e6711,Take and Hold vs Purge the Foe,f2c13b,TnH vs PtF 1 - Sweeping Engagement - Cra5hNatural,map_crt_cr5sh,map_type_comp,Cra5hNatural,true
109a6b,Take and Hold vs Reconnaissance,bc8eb5,TnH vs Rec 3 - Search and Destroy - Cra5hNatural,map_crt_cr5sh,map_type_comp,Cra5hNatural,true
109a6b,Take and Hold vs Reconnaissance,0538a9,TnH vs Rec 2 - Dawn of War - Cra5hNatural,map_crt_cr5sh,map_type_comp,Cra5hNatural,true
109a6b,Take and Hold vs Reconnaissance,c26edc,TnH vs Rec 1 - Tipping Point - Cra5hNatural,map_crt_cr5sh,map_type_comp,Cra5hNatural,true
3ebbd6,Purge the Foe vs Purge the Foe,5fdb47,PtF vs PtF 1 - Search and Destroy - Cra5hNatural,map_crt_cr5sh,map_type_comp,Cra5hNatural,true
3ebbd6,Purge the Foe vs Purge the Foe,cb907f,PtF vs PtF 2 - Tipping Point - Cra5hNatural,map_crt_cr5sh,map_type_comp,Cra5hNatural,true
3ebbd6,Purge the Foe vs Purge the Foe,3998a5,PtF vs PtF 3 - Sweeping Engagement - Cra5hNatural,map_crt_cr5sh,map_type_comp,Cra5hNatural,true
9ac38f,Purge the Foe vs Disruption,3eb69e,PtF vs Dis 1 - Search and Destroy - Cra5hNatural,map_crt_cr5sh,map_type_comp,Cra5hNatural,true
9ac38f,Purge the Foe vs Disruption,6277f1,PtF vs Dis 2 - Tipping Point - Cra5hNatural,map_crt_cr5sh,map_type_comp,Cra5hNatural,true
9ac38f,Purge the Foe vs Disruption,dbf11e,PtF vs Dis 3 - Sweeping Engagement - Cra5hNatural,map_crt_cr5sh,map_type_comp,Cra5hNatural,true
4409ba,Disruption vs Disruption,3fc11c,Dis vs Dis 1 - Crucible of Battle - Cra5hNatural,map_crt_cr5sh,map_type_comp,Cra5hNatural,true
4409ba,Disruption vs Disruption,796c92,Dis vs Dis 2 - Tipping Point - Cra5hNatural,map_crt_cr5sh,map_type_comp,Cra5hNatural,true
4409ba,Disruption vs Disruption,bdfb2a,Dis vs Dis 3 - Sweeping Engagement - Cra5hNatural,map_crt_cr5sh,map_type_comp,Cra5hNatural,true
2c7cd1,Disruption vs Reconnaissance,f1a6b5,Dis vs Rec 1 - Tipping Point - Cra5hNatural,map_crt_cr5sh,map_type_comp,Cra5hNatural,true
2c7cd1,Disruption vs Reconnaissance,b3addc,Dis vs Rec 2 - Dawn of War - Cra5hNatural,map_crt_cr5sh,map_type_comp,Cra5hNatural,true
2c7cd1,Disruption vs Reconnaissance,002262,Dis vs Rec 3 - Search and Destroy - Cra5hNatural,map_crt_cr5sh,map_type_comp,Cra5hNatural,true
f1e22b,Disruption vs Priority Assets,f9769a,Dis vs PA 1 - Sweeping Engagement - Cra5hNatural,map_crt_cr5sh,map_type_comp,Cra5hNatural,true
f1e22b,Disruption vs Priority Assets,f83312,Dis vs PA 2 - Tipping Point - Cra5hNatural,map_crt_cr5sh,map_type_comp,Cra5hNatural,true
f1e22b,Disruption vs Priority Assets,4a79c4,Dis vs PA 3 - Search and Destroy - Cra5hNatural,map_crt_cr5sh,map_type_comp,Cra5hNatural,true
a22c33,Purge the Foe vs Reconnaissance,78d12d,PtF vs Recon 1 - Hammer and Anvil - Cra5hNatural,map_crt_cr5sh,map_type_comp,Cra5hNatural,true
a22c33,Purge the Foe vs Reconnaissance,29061a,PtF vs Recon 2 - Dawn of War - Cra5hNatural,map_crt_cr5sh,map_type_comp,Cra5hNatural,true
a22c33,Purge the Foe vs Reconnaissance,33a96e,PtF vs Recon 3 - Crucible of Battle - Cra5hNatural,map_crt_cr5sh,map_type_comp,Cra5hNatural,true
793bc0,Reconnaissance vs Reconnaissance,262746,Rec vs Rec 1 - Sweeping Engagement - Cra5hNatural,map_crt_cr5sh,map_type_comp,Cra5hNatural,true
793bc0,Reconnaissance vs Reconnaissance,e4117b,Rec vs Rec 2 - Crucible of Battle - Cra5hNatural,map_crt_cr5sh,map_type_comp,Cra5hNatural,true
793bc0,Reconnaissance vs Reconnaissance,229fed,Rec vs Rec 3 - Tipping Point - Cra5hNatural,map_crt_cr5sh,map_type_comp,Cra5hNatural,true
32e34a,Priority Assets vs Reconnaissance,8fc0f1,PA vs Rec 1 - Crucible of Battle - Cra5hNatural,map_crt_cr5sh,map_type_comp,Cra5hNatural,true
32e34a,Priority Assets vs Reconnaissance,cb843a,PA vs Rec 2 - Tipping Point - Cra5hNatural,map_crt_cr5sh,map_type_comp,Cra5hNatural,true
32e34a,Priority Assets vs Reconnaissance,0d4f36,PA vs Rec 3 - Sweeping Engagement - Cra5hNatural,map_crt_cr5sh,map_type_comp,Cra5hNatural,true
dc8738,Purge the Foe vs Priority Assets,653d63,PtF vs PA 1 - Dawn of War - Cra5hNatural,map_crt_cr5sh,map_type_comp,Cra5hNatural,true
dc8738,Purge the Foe vs Priority Assets,bc3814,PtF vs PA 2 - Search and Destroy - Cra5hNatural,map_crt_cr5sh,map_type_comp,Cra5hNatural,true
dc8738,Purge the Foe vs Priority Assets,80af80,PtF vs PA 3 - Hammer and Anvil - Cra5hNatural,map_crt_cr5sh,map_type_comp,Cra5hNatural,true
7b5ba7,Priority Assets vs Priority Assets,104223,PA vs PA 1 - Sweeping Engagement - Cra5hNatural,map_crt_cr5sh,map_type_comp,Cra5hNatural,true
7b5ba7,Priority Assets vs Priority Assets,5fa95f,PA vs PA 2 - Crucible of Battle - Cra5hNatural,map_crt_cr5sh,map_type_comp,Cra5hNatural,true
7b5ba7,Priority Assets vs Priority Assets,71a63a,PA vs PA 3 - Tipping Point - Cra5hNatural,map_crt_cr5sh,map_type_comp,Cra5hNatural,true
f1e22b,Disruption vs Priority Assets,06b679,Dis vs PA 1 - Sweeping Engagement - Zim,map_crt_zim,map_type_comp,Zim,true
f1e22b,Disruption vs Priority Assets,945feb,Dis vs PA 2 - Tipping Point - Zim,map_crt_zim,map_type_comp,Zim,true
f1e22b,Disruption vs Priority Assets,defc8f,Dis vs PA 3 - Search and Destroy - Zim,map_crt_zim,map_type_comp,Zim,true
dc8738,Purge the Foe vs Priority Assets,c4782f,PtF vs PA 1 - Dawn of War - Zim,map_crt_zim,map_type_comp,Zim,true
dc8738,Purge the Foe vs Priority Assets,9f44a5,PtF vs PA 2 - Search and Destroy - Zim,map_crt_zim,map_type_comp,Zim,true
dc8738,Purge the Foe vs Priority Assets,70011f,PtF vs PA 3 - Hammer and Anvil - Zim,map_crt_zim,map_type_comp,Zim,true
32e34a,Priority Assets vs Reconnaissance,c856b5,PA vs Rec 1 - Crucible of Battle - Zim,map_crt_zim,map_type_comp,Zim,true
32e34a,Priority Assets vs Reconnaissance,66ed4a,PA vs Rec 2 - Tipping Point - Zim,map_crt_zim,map_type_comp,Zim,true
32e34a,Priority Assets vs Reconnaissance,7a0751,PA vs Rec 3 - Sweeping Engagement - Zim,map_crt_zim,map_type_comp,Zim,true
7b5ba7,Priority Assets vs Priority Assets,ecaa0b,PA vs PA 1 - Sweeping Engagement - Zim,map_crt_zim,map_type_comp,Zim,true
7b5ba7,Priority Assets vs Priority Assets,66e290,PA vs PA 2 - Crucible of Battle - Zim,map_crt_zim,map_type_comp,Zim,true
7b5ba7,Priority Assets vs Priority Assets,f3c287,PA vs PA 3 - Tipping Point - Zim,map_crt_zim,map_type_comp,Zim,true
eae80b,Take and Hold vs Priority Assets,ea06a1,TnH vs PA 1 - Crucible of Battle - Zim,map_crt_zim,map_type_comp,Zim,true
eae80b,Take and Hold vs Priority Assets,7c3b59,TnH vs PA 2 - Hammer and Anvil - Zim,map_crt_zim,map_type_comp,Zim,true
eae80b,Take and Hold vs Priority Assets,2f34c6,TnH vs PA 3 - Dawn of War - Zim,map_crt_zim,map_type_comp,Zim,true
109a6b,Take and Hold vs Reconnaissance,fd3d94,TnH vs Rec 1 - Tipping Point - T5S2,map_crt_t5s2,map_type_comp,T5S2,true
109a6b,Take and Hold vs Reconnaissance,e69b2b,TnH vs Rec 2 - Dawn of War - T5S2,map_crt_t5s2,map_type_comp,T5S2,true
109a6b,Take and Hold vs Reconnaissance,0b3687,TnH vs Rec 3 - Search and Destroy - T5S2,map_crt_t5s2,map_type_comp,T5S2,true
1e6711,Take and Hold vs Purge the Foe,0c3db6,TnH vs PtF 1 - Sweeping Engagement - T5S2,map_crt_t5s2,map_type_comp,T5S2,true
1e6711,Take and Hold vs Purge the Foe,5e599f,TnH vs PtF 2 - Search and Destroy - T5S2,map_crt_t5s2,map_type_comp,T5S2,true
1e6711,Take and Hold vs Purge the Foe,c2a804,TnH vs PtF 3 - Hammer and Anvil - T5S2,map_crt_t5s2,map_type_comp,T5S2,true
2c7cd1,Disruption vs Reconnaissance,3009f9,Dis vs Rec 1 - Tipping Point - T5S2,map_crt_t5s2,map_type_comp,T5S2,true
2c7cd1,Disruption vs Reconnaissance,7c89be,Dis vs Rec 2 - Dawn of War - T5S2,map_crt_t5s2,map_type_comp,T5S2,true
2c7cd1,Disruption vs Reconnaissance,3cfaa1,Dis vs Rec 3 - Search and Destroy - T5S2,map_crt_t5s2,map_type_comp,T5S2,true
32e34a,Priority Assets vs Reconnaissance,0d4f55,PA vs Rec 1 - Crucible of Battle - T5S2,map_crt_t5s2,map_type_comp,T5S2,true
32e34a,Priority Assets vs Reconnaissance,e34918,PA vs Rec 2 - Tipping Point - T5S2,map_crt_t5s2,map_type_comp,T5S2,true
32e34a,Priority Assets vs Reconnaissance,5d905e,PA vs Rec 3 - Sweeping Engagement - T5S2,map_crt_t5s2,map_type_comp,T5S2,true
3ebbd6,Purge the Foe vs Purge the Foe,6d2b99,PtF vs PtF 1 - Search and Destroy - T5S2,map_crt_t5s2,map_type_comp,T5S2,true
3ebbd6,Purge the Foe vs Purge the Foe,c20b72,PtF vs PtF 2 - Tipping Point - T5S2,map_crt_t5s2,map_type_comp,T5S2,true
3ebbd6,Purge the Foe vs Purge the Foe,f11470,PtF vs PtF 3 - Sweeping Engagement - T5S2,map_crt_t5s2,map_type_comp,T5S2,true
4409ba,Disruption vs Disruption,bba0b7,Dis vs Dis 1 - Crucible of Battle - T5S2,map_crt_t5s2,map_type_comp,T5S2,true
4409ba,Disruption vs Disruption,1f97e2,Dis vs Dis 2 - Tipping Point - T5S2,map_crt_t5s2,map_type_comp,T5S2,true
4409ba,Disruption vs Disruption,6f2518,Dis vs Dis 3 - Sweeping Engagement - T5S2,map_crt_t5s2,map_type_comp,T5S2,true
6e0d78,Take and Hold vs Take and Hold,0c8d39,TnH vs TnH 1 - Tipping Point - T5S2,map_crt_t5s2,map_type_comp,T5S2,true
6e0d78,Take and Hold vs Take and Hold,c77fbd,TnH vs TnH 2 - Dawn of War - T5S2,map_crt_t5s2,map_type_comp,T5S2,true
6e0d78,Take and Hold vs Take and Hold,e76af7,TnH vs TnH 3 - Search and Destroy - T5S2,map_crt_t5s2,map_type_comp,T5S2,true
793bc0,Reconnaissance vs Reconnaissance,736799,Rec vs Rec 1 - Sweeping Engagement - T5S2,map_crt_t5s2,map_type_comp,T5S2,true
793bc0,Reconnaissance vs Reconnaissance,32423f,Rec vs Rec 2 - Crucible of Battle - T5S2,map_crt_t5s2,map_type_comp,T5S2,true
793bc0,Reconnaissance vs Reconnaissance,413eff,Rec vs Rec 3 - Tipping Point - T5S2,map_crt_t5s2,map_type_comp,T5S2,true
7b5ba7,Priority Assets vs Priority Assets,6e52ef,PA vs PA 1 - Sweeping Engagement - T5S2,map_crt_t5s2,map_type_comp,T5S2,true
7b5ba7,Priority Assets vs Priority Assets,83314d,PA vs PA 2 - Crucible of Battle - T5S2,map_crt_t5s2,map_type_comp,T5S2,true
7b5ba7,Priority Assets vs Priority Assets,6a9d75,PA vs PA 3 - Tipping Point - T5S2,map_crt_t5s2,map_type_comp,T5S2,true
9ac38f,Purge the Foe vs Disruption,145490,PtF vs Dis 1 - Search and Destroy - T5S2,map_crt_t5s2,map_type_comp,T5S2,true
9ac38f,Purge the Foe vs Disruption,ff5fec,PtF vs Dis 2 - Tipping Point - T5S2,map_crt_t5s2,map_type_comp,T5S2,true
9ac38f,Purge the Foe vs Disruption,630339,PtF vs Dis 3 - Sweeping Engagement - T5S2,map_crt_t5s2,map_type_comp,T5S2,true
a22c33,Purge the Foe vs Reconnaissance,f93cc0,PtF vs Recon 1 - Hammer and Anvil - T5S2,map_crt_t5s2,map_type_comp,T5S2,true
a22c33,Purge the Foe vs Reconnaissance,e02c82,PtF vs Recon 2 - Dawn of War - T5S2,map_crt_t5s2,map_type_comp,T5S2,true
a22c33,Purge the Foe vs Reconnaissance,7e2c7f,PtF vs Recon 3 - Crucible of Battle - T5S2,map_crt_t5s2,map_type_comp,T5S2,true
cfeba5,Take and Hold vs Disruption,fd109d,TnH vs Dis 1 - Sweeping Engagement - T5S2,map_crt_t5s2,map_type_comp,T5S2,true
cfeba5,Take and Hold vs Disruption,49f0ee,TnH vs Dis 2 - Crucible of Battle - T5S2,map_crt_t5s2,map_type_comp,T5S2,true
cfeba5,Take and Hold vs Disruption,090279,TnH vs Dis 3 - Hammer and Anvil - T5S2,map_crt_t5s2,map_type_comp,T5S2,true
dc8738,Purge the Foe vs Priority Assets,3eb346,PtF vs PA 1 - Dawn of War - T5S2,map_crt_t5s2,map_type_comp,T5S2,true
dc8738,Purge the Foe vs Priority Assets,bd56b3,PtF vs PA 2 - Search and Destroy - T5S2,map_crt_t5s2,map_type_comp,T5S2,true
dc8738,Purge the Foe vs Priority Assets,728ceb,PtF vs PA 3 - Hammer and Anvil - T5S2,map_crt_t5s2,map_type_comp,T5S2,true
eae80b,Take and Hold vs Priority Assets,1518b6,TnH vs PA 1 - Crucible of Battle - T5S2,map_crt_t5s2,map_type_comp,T5S2,true
eae80b,Take and Hold vs Priority Assets,c7a443,TnH vs PA 2 - Hammer and Anvil - T5S2,map_crt_t5s2,map_type_comp,T5S2,true
eae80b,Take and Hold vs Priority Assets,51f916,TnH vs PA 3 - Dawn of War - T5S2,map_crt_t5s2,map_type_comp,T5S2,true
f1e22b,Disruption vs Priority Assets,ef1b89,Dis vs PA 1 - Sweeping Engagement - T5S2,map_crt_t5s2,map_type_comp,T5S2,true
f1e22b,Disruption vs Priority Assets,e40491,Dis vs PA 2 - Tipping Point - T5S2,map_crt_t5s2,map_type_comp,T5S2,true
f1e22b,Disruption vs Priority Assets,b1073f,Dis vs PA 3 - Search and Destroy - T5S2,map_crt_t5s2,map_type_comp,T5S2,true
4409ba,Disruption vs Disruption,f379a9,Dis vs Dis 1 - Crucible of Battle - LCT - Pack 1,map_crt_lct1,map_type_comp,LCT - Pack 1,true
4409ba,Disruption vs Disruption,d1b1e9,Dis vs Dis 2 - Tipping Point - LCT - Pack 1,map_crt_lct1,map_type_comp,LCT - Pack 1,true
4409ba,Disruption vs Disruption,3ccf60,Dis vs Dis 3 - Sweeping Engagement - LCT - Pack 1,map_crt_lct1,map_type_comp,LCT - Pack 1,true
f1e22b,Disruption vs Priority Assets,e1d932,Dis vs PA 1 - Sweeping Engagement - LCT - Pack 1,map_crt_lct1,map_type_comp,LCT - Pack 1,true
f1e22b,Disruption vs Priority Assets,74e6c5,Dis vs PA 2 - Tipping Point - LCT - Pack 1,map_crt_lct1,map_type_comp,LCT - Pack 1,true
f1e22b,Disruption vs Priority Assets,a669e5,Dis vs PA 3 - Search and Destroy - LCT - Pack 1,map_crt_lct1,map_type_comp,LCT - Pack 1,true
9ac38f,Purge the Foe vs Disruption,e9851e,PtF vs Dis 1 - Search and Destroy - LCT - Pack 1,map_crt_lct1,map_type_comp,LCT - Pack 1,true
9ac38f,Purge the Foe vs Disruption,36460b,PtF vs Dis 2 - Tipping Point - LCT - Pack 1,map_crt_lct1,map_type_comp,LCT - Pack 1,true
9ac38f,Purge the Foe vs Disruption,f21c15,PtF vs Dis 3 - Sweeping Engagement - LCT - Pack 1,map_crt_lct1,map_type_comp,LCT - Pack 1,true
2c7cd1,Disruption vs Reconnaissance,3f4d6c,Dis vs Rec 1 - Tipping Point - LCT - Pack 1,map_crt_lct1,map_type_comp,LCT - Pack 1,true
2c7cd1,Disruption vs Reconnaissance,4bea6a,Dis vs Rec 2 - Dawn of War - LCT - Pack 1,map_crt_lct1,map_type_comp,LCT - Pack 1,true
2c7cd1,Disruption vs Reconnaissance,7970fd,Dis vs Rec 3 - Search and Destroy - LCT - Pack 1,map_crt_lct1,map_type_comp,LCT - Pack 1,true
cfeba5,Take and Hold vs Disruption,163d61,TnH vs Dis 1 - Sweeping Engagement - LCT - Pack 1,map_crt_lct1,map_type_comp,LCT - Pack 1,true
cfeba5,Take and Hold vs Disruption,f9ff6c,TnH vs Dis 2 - Crucible of Battle - LCT - Pack 1,map_crt_lct1,map_type_comp,LCT - Pack 1,true
cfeba5,Take and Hold vs Disruption,aac809,TnH vs Dis 3 - Hammer and Anvil - LCT - Pack 1,map_crt_lct1,map_type_comp,LCT - Pack 1,true
7b5ba7,Priority Assets vs Priority Assets,6538ff,PA vs PA 1 - Sweeping Engagement - LCT - Pack 1,map_crt_lct1,map_type_comp,LCT - Pack 1,true
7b5ba7,Priority Assets vs Priority Assets,7561ca,PA vs PA 2 - Crucible of Battle - LCT - Pack 1,map_crt_lct1,map_type_comp,LCT - Pack 1,true
7b5ba7,Priority Assets vs Priority Assets,3a0d17,PA vs PA 3 - Tipping Point - LCT - Pack 1,map_crt_lct1,map_type_comp,LCT - Pack 1,true
dc8738,Purge the Foe vs Priority Assets,2960bb,PtF vs PA 1 - Dawn of War - LCT - Pack 1,map_crt_lct1,map_type_comp,LCT - Pack 1,true
dc8738,Purge the Foe vs Priority Assets,7edf6f,PtF vs PA 2 - Search and Destroy - LCT - Pack 1,map_crt_lct1,map_type_comp,LCT - Pack 1,true
dc8738,Purge the Foe vs Priority Assets,090f59,PtF vs PA 3 - Hammer and Anvil - LCT - Pack 1,map_crt_lct1,map_type_comp,LCT - Pack 1,true
32e34a,Priority Assets vs Reconnaissance,204955,PA vs Rec 1 - Crucible of Battle - LCT - Pack 1,map_crt_lct1,map_type_comp,LCT - Pack 1,true
32e34a,Priority Assets vs Reconnaissance,53ac8a,PA vs Rec 2 - Tipping Point - LCT - Pack 1,map_crt_lct1,map_type_comp,LCT - Pack 1,true
32e34a,Priority Assets vs Reconnaissance,1ae47e,PA vs Rec 3 - Sweeping Engagement - LCT - Pack 1,map_crt_lct1,map_type_comp,LCT - Pack 1,true
eae80b,Take and Hold vs Priority Assets,41613a,TnH vs PA 1 - Crucible of Battle - LCT - Pack 1,map_crt_lct1,map_type_comp,LCT - Pack 1,true
eae80b,Take and Hold vs Priority Assets,01f04f,TnH vs PA 2 - Hammer and Anvil - LCT - Pack 1,map_crt_lct1,map_type_comp,LCT - Pack 1,true
eae80b,Take and Hold vs Priority Assets,e563ee,TnH vs PA 3 - Dawn of War - LCT - Pack 1,map_crt_lct1,map_type_comp,LCT - Pack 1,true
3ebbd6,Purge the Foe vs Purge the Foe,c522db,PtF vs PtF 1 - Search and Destroy - LCT - Pack 1,map_crt_lct1,map_type_comp,LCT - Pack 1,true
3ebbd6,Purge the Foe vs Purge the Foe,53443e,PtF vs PtF 2 - Tipping Point - LCT - Pack 1,map_crt_lct1,map_type_comp,LCT - Pack 1,true
3ebbd6,Purge the Foe vs Purge the Foe,f9a44b,PtF vs PtF 3 - Sweeping Engagement - LCT - Pack 1,map_crt_lct1,map_type_comp,LCT - Pack 1,true
a22c33,Purge the Foe vs Reconnaissance,58167e,PtF vs Recon 1 - Hammer and Anvil - LCT - Pack 1,map_crt_lct1,map_type_comp,LCT - Pack 1,true
a22c33,Purge the Foe vs Reconnaissance,4da15d,PtF vs Recon 2 - Dawn of War - LCT - Pack 1,map_crt_lct1,map_type_comp,LCT - Pack 1,true
a22c33,Purge the Foe vs Reconnaissance,3edf8d,PtF vs Recon 3 - Crucible of Battle - LCT - Pack 1,map_crt_lct1,map_type_comp,LCT - Pack 1,true
1e6711,Take and Hold vs Purge the Foe,aaff6f,TnH vs PtF 1 - Sweeping Engagement - LCT - Pack 1,map_crt_lct1,map_type_comp,LCT - Pack 1,true
1e6711,Take and Hold vs Purge the Foe,1b5488,TnH vs PtF 2 - Search and Destroy - LCT - Pack 1,map_crt_lct1,map_type_comp,LCT - Pack 1,true
1e6711,Take and Hold vs Purge the Foe,5d62d3,TnH vs PtF 3 - Hammer and Anvil - LCT - Pack 1,map_crt_lct1,map_type_comp,LCT - Pack 1,true
793bc0,Reconnaissance vs Reconnaissance,15e4be,Rec vs Rec 1 - Sweeping Engagement - LCT - Pack 1,map_crt_lct1,map_type_comp,LCT - Pack 1,true
793bc0,Reconnaissance vs Reconnaissance,1f821a,Rec vs Rec 2 - Crucible of Battle - LCT - Pack 1,map_crt_lct1,map_type_comp,LCT - Pack 1,true
793bc0,Reconnaissance vs Reconnaissance,75878a,Rec vs Rec 3 - Tipping Point - LCT - Pack 1,map_crt_lct1,map_type_comp,LCT - Pack 1,true
109a6b,Take and Hold vs Reconnaissance,fe23cc,TnH vs Rec 1 - Tipping Point - LCT - Pack 1,map_crt_lct1,map_type_comp,LCT - Pack 1,true
109a6b,Take and Hold vs Reconnaissance,b7f2e0,TnH vs Rec 2 - Dawn of War - LCT - Pack 1,map_crt_lct1,map_type_comp,LCT - Pack 1,true
109a6b,Take and Hold vs Reconnaissance,24d0d8,TnH vs Rec 3 - Search and Destroy - LCT - Pack 1,map_crt_lct1,map_type_comp,LCT - Pack 1,true
6e0d78,Take and Hold vs Take and Hold,0d8ed4,TnH vs TnH 1 - Tipping Point - LCT - Pack 1,map_crt_lct1,map_type_comp,LCT - Pack 1,true
6e0d78,Take and Hold vs Take and Hold,d30aa9,TnH vs TnH 2 - Dawn of War - LCT - Pack 1,map_crt_lct1,map_type_comp,LCT - Pack 1,true
6e0d78,Take and Hold vs Take and Hold,594bb2,TnH vs TnH 3 - Search and Destroy - LCT - Pack 1,map_crt_lct1,map_type_comp,LCT - Pack 1,true
4409ba,Disruption vs Disruption,afd0ae,Dis vs Dis 1 - Crucible of Battle - Battlemaster - BTTF Ruins,map_crt_battlemaster_bttf_ruins,map_type_comp,Battlemaster - BTTF Ruins,true
4409ba,Disruption vs Disruption,99f29d,Dis vs Dis 2 - Tipping Point - Battlemaster - BTTF Ruins,map_crt_battlemaster_bttf_ruins,map_type_comp,Battlemaster - BTTF Ruins,true
4409ba,Disruption vs Disruption,9e4428,Dis vs Dis 3 - Sweeping Engagement - Battlemaster - BTTF Ruins,map_crt_battlemaster_bttf_ruins,map_type_comp,Battlemaster - BTTF Ruins,true
f1e22b,Disruption vs Priority Assets,727ff9,Dis vs PA 1 - Sweeping Engagement - Battlemaster - BTTF Ruins,map_crt_battlemaster_bttf_ruins,map_type_comp,Battlemaster - BTTF Ruins,true
f1e22b,Disruption vs Priority Assets,1e15ec,Dis vs PA 2 - Tipping Point - Battlemaster - BTTF Ruins,map_crt_battlemaster_bttf_ruins,map_type_comp,Battlemaster - BTTF Ruins,true
f1e22b,Disruption vs Priority Assets,017775,Dis vs PA 3 - Search and Destroy - Battlemaster - BTTF Ruins,map_crt_battlemaster_bttf_ruins,map_type_comp,Battlemaster - BTTF Ruins,true
9ac38f,Purge the Foe vs Disruption,8edd32,PtF vs Dis 1 - Search and Destroy - Battlemaster - BTTF Ruins,map_crt_battlemaster_bttf_ruins,map_type_comp,Battlemaster - BTTF Ruins,true
9ac38f,Purge the Foe vs Disruption,654842,PtF vs Dis 2 - Tipping Point - Battlemaster - BTTF Ruins,map_crt_battlemaster_bttf_ruins,map_type_comp,Battlemaster - BTTF Ruins,true
9ac38f,Purge the Foe vs Disruption,f9fd85,PtF vs Dis 3 - Sweeping Engagement - Battlemaster - BTTF Ruins,map_crt_battlemaster_bttf_ruins,map_type_comp,Battlemaster - BTTF Ruins,true
2c7cd1,Disruption vs Reconnaissance,fb6448,Dis vs Rec 1 - Tipping Point - Battlemaster - BTTF Ruins,map_crt_battlemaster_bttf_ruins,map_type_comp,Battlemaster - BTTF Ruins,true
2c7cd1,Disruption vs Reconnaissance,866582,Dis vs Rec 2 - Dawn of War - Battlemaster - BTTF Ruins,map_crt_battlemaster_bttf_ruins,map_type_comp,Battlemaster - BTTF Ruins,true
2c7cd1,Disruption vs Reconnaissance,cdf0b1,Dis vs Rec 3 - Search and Destroy - Battlemaster - BTTF Ruins,map_crt_battlemaster_bttf_ruins,map_type_comp,Battlemaster - BTTF Ruins,true
cfeba5,Take and Hold vs Disruption,ae4052,TnH vs Dis 1 - Sweeping Engagement - Battlemaster - BTTF Ruins,map_crt_battlemaster_bttf_ruins,map_type_comp,Battlemaster - BTTF Ruins,true
cfeba5,Take and Hold vs Disruption,13ef3b,TnH vs Dis 2 - Crucible of Battle - Battlemaster - BTTF Ruins,map_crt_battlemaster_bttf_ruins,map_type_comp,Battlemaster - BTTF Ruins,true
cfeba5,Take and Hold vs Disruption,037af4,TnH vs Dis 3 - Hammer and Anvil - Battlemaster - BTTF Ruins,map_crt_battlemaster_bttf_ruins,map_type_comp,Battlemaster - BTTF Ruins,true
7b5ba7,Priority Assets vs Priority Assets,869037,PA vs PA 1 - Sweeping Engagement - Battlemaster - BTTF Ruins,map_crt_battlemaster_bttf_ruins,map_type_comp,Battlemaster - BTTF Ruins,true
7b5ba7,Priority Assets vs Priority Assets,ec2fb5,PA vs PA 2 - Crucible of Battle - Battlemaster - BTTF Ruins,map_crt_battlemaster_bttf_ruins,map_type_comp,Battlemaster - BTTF Ruins,true
7b5ba7,Priority Assets vs Priority Assets,14f173,PA vs PA 3 - Tipping Point - Battlemaster - BTTF Ruins,map_crt_battlemaster_bttf_ruins,map_type_comp,Battlemaster - BTTF Ruins,true
dc8738,Purge the Foe vs Priority Assets,d8ead0,PtF vs PA 1 - Dawn of War - Battlemaster - BTTF Ruins,map_crt_battlemaster_bttf_ruins,map_type_comp,Battlemaster - BTTF Ruins,true
dc8738,Purge the Foe vs Priority Assets,d28134,PtF vs PA 2 - Search and Destroy - Battlemaster - BTTF Ruins,map_crt_battlemaster_bttf_ruins,map_type_comp,Battlemaster - BTTF Ruins,true
dc8738,Purge the Foe vs Priority Assets,679c56,PtF vs PA 3 - Hammer and Anvil - Battlemaster - BTTF Ruins,map_crt_battlemaster_bttf_ruins,map_type_comp,Battlemaster - BTTF Ruins,true
32e34a,Priority Assets vs Reconnaissance,03c892,PA vs Rec 1 - Crucible of Battle - Battlemaster - BTTF Ruins,map_crt_battlemaster_bttf_ruins,map_type_comp,Battlemaster - BTTF Ruins,true
32e34a,Priority Assets vs Reconnaissance,810928,PA vs Rec 2 - Tipping Point - Battlemaster - BTTF Ruins,map_crt_battlemaster_bttf_ruins,map_type_comp,Battlemaster - BTTF Ruins,true
32e34a,Priority Assets vs Reconnaissance,1db010,PA vs Rec 3 - Sweeping Engagement - Battlemaster - BTTF Ruins,map_crt_battlemaster_bttf_ruins,map_type_comp,Battlemaster - BTTF Ruins,true
eae80b,Take and Hold vs Priority Assets,ce901c,TnH vs PA 1 - Crucible of Battle - Battlemaster - BTTF Ruins,map_crt_battlemaster_bttf_ruins,map_type_comp,Battlemaster - BTTF Ruins,true
eae80b,Take and Hold vs Priority Assets,5b6165,TnH vs PA 2 - Hammer and Anvil - Battlemaster - BTTF Ruins,map_crt_battlemaster_bttf_ruins,map_type_comp,Battlemaster - BTTF Ruins,true
eae80b,Take and Hold vs Priority Assets,81d573,TnH vs PA 3 - Dawn of War - Battlemaster - BTTF Ruins,map_crt_battlemaster_bttf_ruins,map_type_comp,Battlemaster - BTTF Ruins,true
3ebbd6,Purge the Foe vs Purge the Foe,f9336b,PtF vs PtF 1 - Search and Destroy - Battlemaster - BTTF Ruins,map_crt_battlemaster_bttf_ruins,map_type_comp,Battlemaster - BTTF Ruins,true
3ebbd6,Purge the Foe vs Purge the Foe,f5113e,PtF vs PtF 2 - Tipping Point - Battlemaster - BTTF Ruins,map_crt_battlemaster_bttf_ruins,map_type_comp,Battlemaster - BTTF Ruins,true
3ebbd6,Purge the Foe vs Purge the Foe,aae3f2,PtF vs PtF 3 - Sweeping Engagement - Battlemaster - BTTF Ruins,map_crt_battlemaster_bttf_ruins,map_type_comp,Battlemaster - BTTF Ruins,true
a22c33,Purge the Foe vs Reconnaissance,e4913e,PtF vs Recon 1 - Hammer and Anvil - Battlemaster - BTTF Ruins,map_crt_battlemaster_bttf_ruins,map_type_comp,Battlemaster - BTTF Ruins,true
a22c33,Purge the Foe vs Reconnaissance,b45103,PtF vs Recon 2 - Dawn of War - Battlemaster - BTTF Ruins,map_crt_battlemaster_bttf_ruins,map_type_comp,Battlemaster - BTTF Ruins,true
a22c33,Purge the Foe vs Reconnaissance,032b9f,PtF vs Recon 3 - Crucible of Battle - Battlemaster - BTTF Ruins,map_crt_battlemaster_bttf_ruins,map_type_comp,Battlemaster - BTTF Ruins,true
1e6711,Take and Hold vs Purge the Foe,14d404,TnH vs PtF 1 - Sweeping Engagement - Battlemaster - BTTF Ruins,map_crt_battlemaster_bttf_ruins,map_type_comp,Battlemaster - BTTF Ruins,true
1e6711,Take and Hold vs Purge the Foe,cfb5a3,TnH vs PtF 2 - Search and Destroy - Battlemaster - BTTF Ruins,map_crt_battlemaster_bttf_ruins,map_type_comp,Battlemaster - BTTF Ruins,true
1e6711,Take and Hold vs Purge the Foe,97f31d,TnH vs PtF 3 - Hammer and Anvil - Battlemaster - BTTF Ruins,map_crt_battlemaster_bttf_ruins,map_type_comp,Battlemaster - BTTF Ruins,true
793bc0,Reconnaissance vs Reconnaissance,ad40c2,Rec vs Rec 1 - Sweeping Engagement - Battlemaster - BTTF Ruins,map_crt_battlemaster_bttf_ruins,map_type_comp,Battlemaster - BTTF Ruins,true
793bc0,Reconnaissance vs Reconnaissance,6d203f,Rec vs Rec 2 - Crucible of Battle - Battlemaster - BTTF Ruins,map_crt_battlemaster_bttf_ruins,map_type_comp,Battlemaster - BTTF Ruins,true
793bc0,Reconnaissance vs Reconnaissance,3305e3,Rec vs Rec 3 - Tipping Point - Battlemaster - BTTF Ruins,map_crt_battlemaster_bttf_ruins,map_type_comp,Battlemaster - BTTF Ruins,true
109a6b,Take and Hold vs Reconnaissance,d152b4,TnH vs Rec 1 - Tipping Point - Battlemaster - BTTF Ruins,map_crt_battlemaster_bttf_ruins,map_type_comp,Battlemaster - BTTF Ruins,true
109a6b,Take and Hold vs Reconnaissance,41ba97,TnH vs Rec 2 - Dawn of War - Battlemaster - BTTF Ruins,map_crt_battlemaster_bttf_ruins,map_type_comp,Battlemaster - BTTF Ruins,true
109a6b,Take and Hold vs Reconnaissance,43d52e,TnH vs Rec 3 - Search and Destroy - Battlemaster - BTTF Ruins,map_crt_battlemaster_bttf_ruins,map_type_comp,Battlemaster - BTTF Ruins,true
6e0d78,Take and Hold vs Take and Hold,bcce50,TnH vs TnH 1 - Tipping Point - Battlemaster - BTTF Ruins,map_crt_battlemaster_bttf_ruins,map_type_comp,Battlemaster - BTTF Ruins,true
6e0d78,Take and Hold vs Take and Hold,50c7d0,TnH vs TnH 2 - Dawn of War - Battlemaster - BTTF Ruins,map_crt_battlemaster_bttf_ruins,map_type_comp,Battlemaster - BTTF Ruins,true
6e0d78,Take and Hold vs Take and Hold,8617fa,TnH vs TnH 3 - Search and Destroy - Battlemaster - BTTF Ruins,map_crt_battlemaster_bttf_ruins,map_type_comp,Battlemaster - BTTF Ruins,true
4409ba,Disruption vs Disruption,3edee4,Dis vs Dis 1 - Crucible of Battle - Battlemaster - Desert,map_crt_battlemaster_armageddon_desert,map_type_comp,Battlemaster - Desert,true
4409ba,Disruption vs Disruption,409477,Dis vs Dis 2 - Tipping Point - Battlemaster - Desert,map_crt_battlemaster_armageddon_desert,map_type_comp,Battlemaster - Desert,true
4409ba,Disruption vs Disruption,f5a450,Dis vs Dis 3 - Sweeping Engagement - Battlemaster - Desert,map_crt_battlemaster_armageddon_desert,map_type_comp,Battlemaster - Desert,true
f1e22b,Disruption vs Priority Assets,884cfb,Dis vs PA 1 - Sweeping Engagement - Battlemaster - Desert,map_crt_battlemaster_armageddon_desert,map_type_comp,Battlemaster - Desert,true
f1e22b,Disruption vs Priority Assets,6d78b6,Dis vs PA 2 - Tipping Point - Battlemaster - Desert,map_crt_battlemaster_armageddon_desert,map_type_comp,Battlemaster - Desert,true
f1e22b,Disruption vs Priority Assets,a49bf9,Dis vs PA 3 - Search and Destroy - Battlemaster - Desert,map_crt_battlemaster_armageddon_desert,map_type_comp,Battlemaster - Desert,true
9ac38f,Purge the Foe vs Disruption,68a90e,PtF vs Dis 1 - Search and Destroy - Battlemaster - Desert,map_crt_battlemaster_armageddon_desert,map_type_comp,Battlemaster - Desert,true
9ac38f,Purge the Foe vs Disruption,794eed,PtF vs Dis 2 - Tipping Point - Battlemaster - Desert,map_crt_battlemaster_armageddon_desert,map_type_comp,Battlemaster - Desert,true
9ac38f,Purge the Foe vs Disruption,770dd9,PtF vs Dis 3 - Sweeping Engagement - Battlemaster - Desert,map_crt_battlemaster_armageddon_desert,map_type_comp,Battlemaster - Desert,true
2c7cd1,Disruption vs Reconnaissance,ddf9f1,Dis vs Rec 1 - Tipping Point - Battlemaster - Desert,map_crt_battlemaster_armageddon_desert,map_type_comp,Battlemaster - Desert,true
2c7cd1,Disruption vs Reconnaissance,992c8a,Dis vs Rec 2 - Dawn of War - Battlemaster - Desert,map_crt_battlemaster_armageddon_desert,map_type_comp,Battlemaster - Desert,true
2c7cd1,Disruption vs Reconnaissance,2e14ac,Dis vs Rec 3 - Search and Destroy - Battlemaster - Desert,map_crt_battlemaster_armageddon_desert,map_type_comp,Battlemaster - Desert,true
cfeba5,Take and Hold vs Disruption,7661a7,TnH vs Dis 1 - Sweeping Engagement - Battlemaster - Desert,map_crt_battlemaster_armageddon_desert,map_type_comp,Battlemaster - Desert,true
cfeba5,Take and Hold vs Disruption,20b7a4,TnH vs Dis 2 - Crucible of Battle - Battlemaster - Desert,map_crt_battlemaster_armageddon_desert,map_type_comp,Battlemaster - Desert,true
cfeba5,Take and Hold vs Disruption,21344a,TnH vs Dis 3 - Hammer and Anvil - Battlemaster - Desert,map_crt_battlemaster_armageddon_desert,map_type_comp,Battlemaster - Desert,true
7b5ba7,Priority Assets vs Priority Assets,30dce8,PA vs PA 1 - Sweeping Engagement - Battlemaster - Desert,map_crt_battlemaster_armageddon_desert,map_type_comp,Battlemaster - Desert,true
7b5ba7,Priority Assets vs Priority Assets,872851,PA vs PA 2 - Crucible of Battle - Battlemaster - Desert,map_crt_battlemaster_armageddon_desert,map_type_comp,Battlemaster - Desert,true
7b5ba7,Priority Assets vs Priority Assets,fb8289,PA vs PA 3 - Tipping Point - Battlemaster - Desert,map_crt_battlemaster_armageddon_desert,map_type_comp,Battlemaster - Desert,true
dc8738,Purge the Foe vs Priority Assets,b8bf5a,PtF vs PA 1 - Dawn of War - Battlemaster - Desert,map_crt_battlemaster_armageddon_desert,map_type_comp,Battlemaster - Desert,true
dc8738,Purge the Foe vs Priority Assets,21aaa3,PtF vs PA 2 - Search and Destroy - Battlemaster - Desert,map_crt_battlemaster_armageddon_desert,map_type_comp,Battlemaster - Desert,true
dc8738,Purge the Foe vs Priority Assets,675f93,PtF vs PA 3 - Hammer and Anvil - Battlemaster - Desert,map_crt_battlemaster_armageddon_desert,map_type_comp,Battlemaster - Desert,true
32e34a,Priority Assets vs Reconnaissance,d103ae,PA vs Rec 1 - Crucible of Battle - Battlemaster - Desert,map_crt_battlemaster_armageddon_desert,map_type_comp,Battlemaster - Desert,true
32e34a,Priority Assets vs Reconnaissance,12709b,PA vs Rec 2 - Tipping Point - Battlemaster - Desert,map_crt_battlemaster_armageddon_desert,map_type_comp,Battlemaster - Desert,true
32e34a,Priority Assets vs Reconnaissance,7ea4f3,PA vs Rec 3 - Sweeping Engagement - Battlemaster - Desert,map_crt_battlemaster_armageddon_desert,map_type_comp,Battlemaster - Desert,true
eae80b,Take and Hold vs Priority Assets,3d350c,TnH vs PA 1 - Crucible of Battle - Battlemaster - Desert,map_crt_battlemaster_armageddon_desert,map_type_comp,Battlemaster - Desert,true
eae80b,Take and Hold vs Priority Assets,5d492f,TnH vs PA 2 - Hammer and Anvil - Battlemaster - Desert,map_crt_battlemaster_armageddon_desert,map_type_comp,Battlemaster - Desert,true
eae80b,Take and Hold vs Priority Assets,0c3715,TnH vs PA 3 - Dawn of War - Battlemaster - Desert,map_crt_battlemaster_armageddon_desert,map_type_comp,Battlemaster - Desert,true
3ebbd6,Purge the Foe vs Purge the Foe,a28841,PtF vs PtF 1 - Search and Destroy - Battlemaster - Desert,map_crt_battlemaster_armageddon_desert,map_type_comp,Battlemaster - Desert,true
3ebbd6,Purge the Foe vs Purge the Foe,c8e062,PtF vs PtF 2 - Tipping Point - Battlemaster - Desert,map_crt_battlemaster_armageddon_desert,map_type_comp,Battlemaster - Desert,true
3ebbd6,Purge the Foe vs Purge the Foe,16ccf0,PtF vs PtF 3 - Sweeping Engagement - Battlemaster - Desert,map_crt_battlemaster_armageddon_desert,map_type_comp,Battlemaster - Desert,true
a22c33,Purge the Foe vs Reconnaissance,bf85a9,PtF vs Recon 1 - Hammer and Anvil - Battlemaster - Desert,map_crt_battlemaster_armageddon_desert,map_type_comp,Battlemaster - Desert,true
a22c33,Purge the Foe vs Reconnaissance,abbf26,PtF vs Recon 2 - Dawn of War - Battlemaster - Desert,map_crt_battlemaster_armageddon_desert,map_type_comp,Battlemaster - Desert,true
a22c33,Purge the Foe vs Reconnaissance,254eb4,PtF vs Recon 3 - Crucible of Battle - Battlemaster - Desert,map_crt_battlemaster_armageddon_desert,map_type_comp,Battlemaster - Desert,true
1e6711,Take and Hold vs Purge the Foe,af9c0c,TnH vs PtF 1 - Sweeping Engagement - Battlemaster - Desert,map_crt_battlemaster_armageddon_desert,map_type_comp,Battlemaster - Desert,true
1e6711,Take and Hold vs Purge the Foe,9cabc0,TnH vs PtF 2 - Search and Destroy - Battlemaster - Desert,map_crt_battlemaster_armageddon_desert,map_type_comp,Battlemaster - Desert,true
1e6711,Take and Hold vs Purge the Foe,1327ab,TnH vs PtF 3 - Hammer and Anvil - Battlemaster - Desert,map_crt_battlemaster_armageddon_desert,map_type_comp,Battlemaster - Desert,true
793bc0,Reconnaissance vs Reconnaissance,496bd0,Rec vs Rec 1 - Sweeping Engagement - Battlemaster - Desert,map_crt_battlemaster_armageddon_desert,map_type_comp,Battlemaster - Desert,true
793bc0,Reconnaissance vs Reconnaissance,a0bd92,Rec vs Rec 2 - Crucible of Battle - Battlemaster - Desert,map_crt_battlemaster_armageddon_desert,map_type_comp,Battlemaster - Desert,true
793bc0,Reconnaissance vs Reconnaissance,3ee16c,Rec vs Rec 3 - Tipping Point - Battlemaster - Desert,map_crt_battlemaster_armageddon_desert,map_type_comp,Battlemaster - Desert,true
109a6b,Take and Hold vs Reconnaissance,327d51,TnH vs Rec 1 - Tipping Point - Battlemaster - Desert,map_crt_battlemaster_armageddon_desert,map_type_comp,Battlemaster - Desert,true
109a6b,Take and Hold vs Reconnaissance,6a262e,TnH vs Rec 2 - Dawn of War - Battlemaster - Desert,map_crt_battlemaster_armageddon_desert,map_type_comp,Battlemaster - Desert,true
109a6b,Take and Hold vs Reconnaissance,92eb45,TnH vs Rec 3 - Search and Destroy - Battlemaster - Desert,map_crt_battlemaster_armageddon_desert,map_type_comp,Battlemaster - Desert,true
6e0d78,Take and Hold vs Take and Hold,964298,TnH vs TnH 1 - Tipping Point - Battlemaster - Desert,map_crt_battlemaster_armageddon_desert,map_type_comp,Battlemaster - Desert,true
6e0d78,Take and Hold vs Take and Hold,e5dce9,TnH vs TnH 2 - Dawn of War - Battlemaster - Desert,map_crt_battlemaster_armageddon_desert,map_type_comp,Battlemaster - Desert,true
6e0d78,Take and Hold vs Take and Hold,ea4343,TnH vs TnH 3 - Search and Destroy - Battlemaster - Desert,map_crt_battlemaster_armageddon_desert,map_type_comp,Battlemaster - Desert,true
4409ba,Disruption vs Disruption,eacbac,Dis vs Dis 1 - Crucible of Battle - BTTF,map_crt_battlemaster_bttf,map_type_comp,BTTF,true
4409ba,Disruption vs Disruption,d690ad,Dis vs Dis 2 - Tipping Point - BTTF,map_crt_battlemaster_bttf,map_type_comp,BTTF,true
4409ba,Disruption vs Disruption,857b72,Dis vs Dis 3 - Sweeping Engagement - BTTF,map_crt_battlemaster_bttf,map_type_comp,BTTF,true
f1e22b,Disruption vs Priority Assets,0f3d4a,Dis vs PA 1 - Sweeping Engagement - BTTF,map_crt_battlemaster_bttf,map_type_comp,BTTF,true
f1e22b,Disruption vs Priority Assets,174c90,Dis vs PA 2 - Tipping Point - BTTF,map_crt_battlemaster_bttf,map_type_comp,BTTF,true
f1e22b,Disruption vs Priority Assets,b82639,Dis vs PA 3 - Search and Destroy - BTTF,map_crt_battlemaster_bttf,map_type_comp,BTTF,true
9ac38f,Purge the Foe vs Disruption,37d144,PtF vs Dis 1 - Search and Destroy - BTTF,map_crt_battlemaster_bttf,map_type_comp,BTTF,true
9ac38f,Purge the Foe vs Disruption,7c1b77,PtF vs Dis 2 - Tipping Point - BTTF,map_crt_battlemaster_bttf,map_type_comp,BTTF,true
9ac38f,Purge the Foe vs Disruption,d91485,PtF vs Dis 3 - Sweeping Engagement - BTTF,map_crt_battlemaster_bttf,map_type_comp,BTTF,true
2c7cd1,Disruption vs Reconnaissance,5f6816,Dis vs Rec 1 - Tipping Point - BTTF,map_crt_battlemaster_bttf,map_type_comp,BTTF,true
2c7cd1,Disruption vs Reconnaissance,41df0f,Dis vs Rec 2 - Dawn of War - BTTF,map_crt_battlemaster_bttf,map_type_comp,BTTF,true
2c7cd1,Disruption vs Reconnaissance,ea6cfb,Dis vs Rec 3 - Search and Destroy - BTTF,map_crt_battlemaster_bttf,map_type_comp,BTTF,true
cfeba5,Take and Hold vs Disruption,69c0c0,TnH vs Dis 1 - Sweeping Engagement - BTTF,map_crt_battlemaster_bttf,map_type_comp,BTTF,true
cfeba5,Take and Hold vs Disruption,84bc11,TnH vs Dis 2 - Crucible of Battle - BTTF,map_crt_battlemaster_bttf,map_type_comp,BTTF,true
cfeba5,Take and Hold vs Disruption,428dca,TnH vs Dis 3 - Hammer and Anvil - BTTF,map_crt_battlemaster_bttf,map_type_comp,BTTF,true
7b5ba7,Priority Assets vs Priority Assets,fc7074,PA vs PA 1 - Sweeping Engagement - BTTF,map_crt_battlemaster_bttf,map_type_comp,BTTF,true
7b5ba7,Priority Assets vs Priority Assets,60d791,PA vs PA 2 - Crucible of Battle - BTTF,map_crt_battlemaster_bttf,map_type_comp,BTTF,true
7b5ba7,Priority Assets vs Priority Assets,f7a150,PA vs PA 3 - Tipping Point - BTTF,map_crt_battlemaster_bttf,map_type_comp,BTTF,true
dc8738,Purge the Foe vs Priority Assets,7d235e,PtF vs PA 1 - Dawn of War - BTTF,map_crt_battlemaster_bttf,map_type_comp,BTTF,true
dc8738,Purge the Foe vs Priority Assets,8f1039,PtF vs PA 2 - Search and Destroy - BTTF,map_crt_battlemaster_bttf,map_type_comp,BTTF,true
dc8738,Purge the Foe vs Priority Assets,ef3030,PtF vs PA 3 - Hammer and Anvil - BTTF,map_crt_battlemaster_bttf,map_type_comp,BTTF,true
32e34a,Priority Assets vs Reconnaissance,c0171d,PA vs Rec 1 - Crucible of Battle - BTTF,map_crt_battlemaster_bttf,map_type_comp,BTTF,true
32e34a,Priority Assets vs Reconnaissance,2021ea,PA vs Rec 2 - Tipping Point - BTTF,map_crt_battlemaster_bttf,map_type_comp,BTTF,true
32e34a,Priority Assets vs Reconnaissance,24309e,PA vs Rec 3 - Sweeping Engagement - BTTF,map_crt_battlemaster_bttf,map_type_comp,BTTF,true
eae80b,Take and Hold vs Priority Assets,c3c6e1,TnH vs PA 1 - Crucible of Battle - BTTF,map_crt_battlemaster_bttf,map_type_comp,BTTF,true
eae80b,Take and Hold vs Priority Assets,dbbac5,TnH vs PA 2 - Hammer and Anvil - BTTF,map_crt_battlemaster_bttf,map_type_comp,BTTF,true
eae80b,Take and Hold vs Priority Assets,714139,TnH vs PA 3 - Dawn of War - BTTF,map_crt_battlemaster_bttf,map_type_comp,BTTF,true
3ebbd6,Purge the Foe vs Purge the Foe,dc8ec6,PtF vs PtF 1 - Search and Destroy - BTTF,map_crt_battlemaster_bttf,map_type_comp,BTTF,true
3ebbd6,Purge the Foe vs Purge the Foe,93e488,PtF vs PtF 2 - Tipping Point - BTTF,map_crt_battlemaster_bttf,map_type_comp,BTTF,true
3ebbd6,Purge the Foe vs Purge the Foe,913abf,PtF vs PtF 3 - Sweeping Engagement - BTTF,map_crt_battlemaster_bttf,map_type_comp,BTTF,true
a22c33,Purge the Foe vs Reconnaissance,770e2b,PtF vs Recon 1 - Hammer and Anvil - BTTF,map_crt_battlemaster_bttf,map_type_comp,BTTF,true
a22c33,Purge the Foe vs Reconnaissance,6f0265,PtF vs Recon 2 - Dawn of War - BTTF,map_crt_battlemaster_bttf,map_type_comp,BTTF,true
a22c33,Purge the Foe vs Reconnaissance,fe8650,PtF vs Recon 3 - Crucible of Battle - BTTF,map_crt_battlemaster_bttf,map_type_comp,BTTF,true
1e6711,Take and Hold vs Purge the Foe,8111ef,TnH vs PtF 1 - Sweeping Engagement - BTTF,map_crt_battlemaster_bttf,map_type_comp,BTTF,true
1e6711,Take and Hold vs Purge the Foe,4dae86,TnH vs PtF 2 - Search and Destroy - BTTF,map_crt_battlemaster_bttf,map_type_comp,BTTF,true
1e6711,Take and Hold vs Purge the Foe,607453,TnH vs PtF 3 - Hammer and Anvil - BTTF,map_crt_battlemaster_bttf,map_type_comp,BTTF,true
793bc0,Reconnaissance vs Reconnaissance,4803a1,Rec vs Rec 1 - Sweeping Engagement - BTTF,map_crt_battlemaster_bttf,map_type_comp,BTTF,true
793bc0,Reconnaissance vs Reconnaissance,aea5e7,Rec vs Rec 2 - Crucible of Battle - BTTF,map_crt_battlemaster_bttf,map_type_comp,BTTF,true
793bc0,Reconnaissance vs Reconnaissance,f3f2f7,Rec vs Rec 3 - Tipping Point - BTTF,map_crt_battlemaster_bttf,map_type_comp,BTTF,true
109a6b,Take and Hold vs Reconnaissance,92f4fb,TnH vs Rec 1 - Tipping Point - BTTF,map_crt_battlemaster_bttf,map_type_comp,BTTF,true
109a6b,Take and Hold vs Reconnaissance,8524c6,TnH vs Rec 2 - Dawn of War - BTTF,map_crt_battlemaster_bttf,map_type_comp,BTTF,true
109a6b,Take and Hold vs Reconnaissance,fffb02,TnH vs Rec 3 - Search and Destroy - BTTF,map_crt_battlemaster_bttf,map_type_comp,BTTF,true
6e0d78,Take and Hold vs Take and Hold,e8556e,TnH vs TnH 1 - Tipping Point - BTTF,map_crt_battlemaster_bttf,map_type_comp,BTTF,true
6e0d78,Take and Hold vs Take and Hold,0c4960,TnH vs TnH 2 - Dawn of War - BTTF,map_crt_battlemaster_bttf,map_type_comp,BTTF,true
6e0d78,Take and Hold vs Take and Hold,6be807,TnH vs TnH 3 - Search and Destroy - BTTF,map_crt_battlemaster_bttf,map_type_comp,BTTF,true
4409ba,Disruption vs Disruption,f0db25,Dis vs Dis 1 - Crucible of Battle - Battlemaster - Armageddon Ruins,map_crt_battlemaster_armageddon_ruins,map_type_comp,Battlemaster - Armageddon Ruins,true
4409ba,Disruption vs Disruption,2ce9c8,Dis vs Dis 2 - Tipping Point - Battlemaster - Armageddon Ruins,map_crt_battlemaster_armageddon_ruins,map_type_comp,Battlemaster - Armageddon Ruins,true
4409ba,Disruption vs Disruption,85cf99,Dis vs Dis 3 - Sweeping Engagement - Battlemaster - Armageddon Ruins,map_crt_battlemaster_armageddon_ruins,map_type_comp,Battlemaster - Armageddon Ruins,true
f1e22b,Disruption vs Priority Assets,c40c02,Dis vs PA 1 - Sweeping Engagement - Battlemaster - Armageddon Ruins,map_crt_battlemaster_armageddon_ruins,map_type_comp,Battlemaster - Armageddon Ruins,true
f1e22b,Disruption vs Priority Assets,a9e5eb,Dis vs PA 2 - Tipping Point - Battlemaster - Armageddon Ruins,map_crt_battlemaster_armageddon_ruins,map_type_comp,Battlemaster - Armageddon Ruins,true
f1e22b,Disruption vs Priority Assets,101a73,Dis vs PA 3 - Search and Destroy - Battlemaster - Armageddon Ruins,map_crt_battlemaster_armageddon_ruins,map_type_comp,Battlemaster - Armageddon Ruins,true
9ac38f,Purge the Foe vs Disruption,196364,PtF vs Dis 1 - Search and Destroy - Battlemaster - Armageddon Ruins,map_crt_battlemaster_armageddon_ruins,map_type_comp,Battlemaster - Armageddon Ruins,true
9ac38f,Purge the Foe vs Disruption,eecf47,PtF vs Dis 2 - Tipping Point - Battlemaster - Armageddon Ruins,map_crt_battlemaster_armageddon_ruins,map_type_comp,Battlemaster - Armageddon Ruins,true
9ac38f,Purge the Foe vs Disruption,c34d77,PtF vs Dis 3 - Sweeping Engagement - Battlemaster - Armageddon Ruins,map_crt_battlemaster_armageddon_ruins,map_type_comp,Battlemaster - Armageddon Ruins,true
2c7cd1,Disruption vs Reconnaissance,fb1dee,Dis vs Rec 1 - Tipping Point - Battlemaster - Armageddon Ruins,map_crt_battlemaster_armageddon_ruins,map_type_comp,Battlemaster - Armageddon Ruins,true
2c7cd1,Disruption vs Reconnaissance,997f09,Dis vs Rec 2 - Dawn of War - Battlemaster - Armageddon Ruins,map_crt_battlemaster_armageddon_ruins,map_type_comp,Battlemaster - Armageddon Ruins,true
2c7cd1,Disruption vs Reconnaissance,add9a2,Dis vs Rec 3 - Search and Destroy - Battlemaster - Armageddon Ruins,map_crt_battlemaster_armageddon_ruins,map_type_comp,Battlemaster - Armageddon Ruins,true
cfeba5,Take and Hold vs Disruption,2e846a,TnH vs Dis 1 - Sweeping Engagement - Battlemaster - Armageddon Ruins,map_crt_battlemaster_armageddon_ruins,map_type_comp,Battlemaster - Armageddon Ruins,true
cfeba5,Take and Hold vs Disruption,bf3797,TnH vs Dis 2 - Crucible of Battle - Battlemaster - Armageddon Ruins,map_crt_battlemaster_armageddon_ruins,map_type_comp,Battlemaster - Armageddon Ruins,true
cfeba5,Take and Hold vs Disruption,016959,TnH vs Dis 3 - Hammer and Anvil - Battlemaster - Armageddon Ruins,map_crt_battlemaster_armageddon_ruins,map_type_comp,Battlemaster - Armageddon Ruins,true
7b5ba7,Priority Assets vs Priority Assets,1a81cf,PA vs PA 1 - Sweeping Engagement - Battlemaster - Armageddon Ruins,map_crt_battlemaster_armageddon_ruins,map_type_comp,Battlemaster - Armageddon Ruins,true
7b5ba7,Priority Assets vs Priority Assets,50834d,PA vs PA 2 - Crucible of Battle - Battlemaster - Armageddon Ruins,map_crt_battlemaster_armageddon_ruins,map_type_comp,Battlemaster - Armageddon Ruins,true
7b5ba7,Priority Assets vs Priority Assets,9a389b,PA vs PA 3 - Tipping Point - Battlemaster - Armageddon Ruins,map_crt_battlemaster_armageddon_ruins,map_type_comp,Battlemaster - Armageddon Ruins,true
dc8738,Purge the Foe vs Priority Assets,300994,PtF vs PA 1 - Dawn of War - Battlemaster - Armageddon Ruins,map_crt_battlemaster_armageddon_ruins,map_type_comp,Battlemaster - Armageddon Ruins,true
dc8738,Purge the Foe vs Priority Assets,243854,PtF vs PA 2 - Search and Destroy - Battlemaster - Armageddon Ruins,map_crt_battlemaster_armageddon_ruins,map_type_comp,Battlemaster - Armageddon Ruins,true
dc8738,Purge the Foe vs Priority Assets,3d614d,PtF vs PA 3 - Hammer and Anvil - Battlemaster - Armageddon Ruins,map_crt_battlemaster_armageddon_ruins,map_type_comp,Battlemaster - Armageddon Ruins,true
32e34a,Priority Assets vs Reconnaissance,65b06b,PA vs Rec 1 - Crucible of Battle - Battlemaster - Armageddon Ruins,map_crt_battlemaster_armageddon_ruins,map_type_comp,Battlemaster - Armageddon Ruins,true
32e34a,Priority Assets vs Reconnaissance,0479a2,PA vs Rec 2 - Tipping Point - Battlemaster - Armageddon Ruins,map_crt_battlemaster_armageddon_ruins,map_type_comp,Battlemaster - Armageddon Ruins,true
32e34a,Priority Assets vs Reconnaissance,fb17d7,PA vs Rec 3 - Sweeping Engagement - Battlemaster - Armageddon Ruins,map_crt_battlemaster_armageddon_ruins,map_type_comp,Battlemaster - Armageddon Ruins,true
eae80b,Take and Hold vs Priority Assets,925f10,TnH vs PA 1 - Crucible of Battle - Battlemaster - Armageddon Ruins,map_crt_battlemaster_armageddon_ruins,map_type_comp,Battlemaster - Armageddon Ruins,true
eae80b,Take and Hold vs Priority Assets,710198,TnH vs PA 2 - Hammer and Anvil - Battlemaster - Armageddon Ruins,map_crt_battlemaster_armageddon_ruins,map_type_comp,Battlemaster - Armageddon Ruins,true
eae80b,Take and Hold vs Priority Assets,38cb37,TnH vs PA 3 - Dawn of War - Battlemaster - Armageddon Ruins,map_crt_battlemaster_armageddon_ruins,map_type_comp,Battlemaster - Armageddon Ruins,true
3ebbd6,Purge the Foe vs Purge the Foe,155a6b,PtF vs PtF 1 - Search and Destroy - Battlemaster - Armageddon Ruins,map_crt_battlemaster_armageddon_ruins,map_type_comp,Battlemaster - Armageddon Ruins,true
3ebbd6,Purge the Foe vs Purge the Foe,4f1e47,PtF vs PtF 2 - Tipping Point - Battlemaster - Armageddon Ruins,map_crt_battlemaster_armageddon_ruins,map_type_comp,Battlemaster - Armageddon Ruins,true
3ebbd6,Purge the Foe vs Purge the Foe,0fd512,PtF vs PtF 3 - Sweeping Engagement - Battlemaster - Armageddon Ruins,map_crt_battlemaster_armageddon_ruins,map_type_comp,Battlemaster - Armageddon Ruins,true
a22c33,Purge the Foe vs Reconnaissance,e2e756,PtF vs Recon 1 - Hammer and Anvil - Battlemaster - Armageddon Ruins,map_crt_battlemaster_armageddon_ruins,map_type_comp,Battlemaster - Armageddon Ruins,true
a22c33,Purge the Foe vs Reconnaissance,916039,PtF vs Recon 2 - Dawn of War - Battlemaster - Armageddon Ruins,map_crt_battlemaster_armageddon_ruins,map_type_comp,Battlemaster - Armageddon Ruins,true
a22c33,Purge the Foe vs Reconnaissance,33ce09,PtF vs Recon 3 - Crucible of Battle - Battlemaster - Armageddon Ruins,map_crt_battlemaster_armageddon_ruins,map_type_comp,Battlemaster - Armageddon Ruins,true
1e6711,Take and Hold vs Purge the Foe,740bc4,TnH vs PtF 1 - Sweeping Engagement - Battlemaster - Armageddon Ruins,map_crt_battlemaster_armageddon_ruins,map_type_comp,Battlemaster - Armageddon Ruins,true
1e6711,Take and Hold vs Purge the Foe,6421ee,TnH vs PtF 2 - Search and Destroy - Battlemaster - Armageddon Ruins,map_crt_battlemaster_armageddon_ruins,map_type_comp,Battlemaster - Armageddon Ruins,true
1e6711,Take and Hold vs Purge the Foe,2eba1b,TnH vs PtF 3 - Hammer and Anvil - Battlemaster - Armageddon Ruins,map_crt_battlemaster_armageddon_ruins,map_type_comp,Battlemaster - Armageddon Ruins,true
793bc0,Reconnaissance vs Reconnaissance,471f09,Rec vs Rec 1 - Sweeping Engagement - Battlemaster - Armageddon Ruins,map_crt_battlemaster_armageddon_ruins,map_type_comp,Battlemaster - Armageddon Ruins,true
793bc0,Reconnaissance vs Reconnaissance,01acd5,Rec vs Rec 2 - Crucible of Battle - Battlemaster - Armageddon Ruins,map_crt_battlemaster_armageddon_ruins,map_type_comp,Battlemaster - Armageddon Ruins,true
793bc0,Reconnaissance vs Reconnaissance,b89027,Rec vs Rec 3 - Tipping Point - Battlemaster - Armageddon Ruins,map_crt_battlemaster_armageddon_ruins,map_type_comp,Battlemaster - Armageddon Ruins,true
109a6b,Take and Hold vs Reconnaissance,1afea4,TnH vs Rec 1 - Tipping Point - Battlemaster - Armageddon Ruins,map_crt_battlemaster_armageddon_ruins,map_type_comp,Battlemaster - Armageddon Ruins,true
109a6b,Take and Hold vs Reconnaissance,afa762,TnH vs Rec 2 - Dawn of War - Battlemaster - Armageddon Ruins,map_crt_battlemaster_armageddon_ruins,map_type_comp,Battlemaster - Armageddon Ruins,true
109a6b,Take and Hold vs Reconnaissance,0134c5,TnH vs Rec 3 - Search and Destroy - Battlemaster - Armageddon Ruins,map_crt_battlemaster_armageddon_ruins,map_type_comp,Battlemaster - Armageddon Ruins,true
6e0d78,Take and Hold vs Take and Hold,e26240,TnH vs TnH 1 - Tipping Point - Battlemaster - Armageddon Ruins,map_crt_battlemaster_armageddon_ruins,map_type_comp,Battlemaster - Armageddon Ruins,true
6e0d78,Take and Hold vs Take and Hold,c2fd55,TnH vs TnH 2 - Dawn of War - Battlemaster - Armageddon Ruins,map_crt_battlemaster_armageddon_ruins,map_type_comp,Battlemaster - Armageddon Ruins,true
6e0d78,Take and Hold vs Take and Hold,606a88,TnH vs TnH 3 - Search and Destroy - Battlemaster - Armageddon Ruins,map_crt_battlemaster_armageddon_ruins,map_type_comp,Battlemaster - Armageddon Ruins,true
